Player Overview ,,,,,,,Playing Time ,,,,Performance ,,,,,,,,Performance - Miscellaneous ,,,,,,,Per 90 Minutes ,,,,
Rank,Player,Nation,Position,Squad,Age,Born,Matches Played,Starts,Minutes,Full 90s,Goals (G) ,Assists (A) ,G+A,G-PK,Penalties Scored (PK) ,Penalties Taken,Yellow Cards ,Red Cards ,Fouls Commited ,Fouls Drawn ,Offsides,Crosses,Interceptions,Tackles Won ,Own Goals ,Goals ,Assists,G+A,G-PK,G+A-PK
1,Brenden Aaronson,us USA,"MF,FW",Leeds United,25-154,2000,30,24,"1,975",21.9,4,3,7,4,0,0,1,0,17,43,5,35,13,22,0,0.18,0.14,0.32,0.18,0.32
2,Zach Abbott,eng ENG,DF,Nottingham Forest,19-316,2006,2,1,120,1.3,0,0,0,0,0,0,0,0,2,1,0,3,2,2,0,0,0,0,0,0
3,Tammy Abraham,eng ENG,FW,Aston Villa,28-174,1997,8,1,202,2.2,1,0,1,1,0,0,0,0,1,0,0,0,0,1,0,0.45,0,0.45,0.45,0.45
4,Joshua Acheampong,eng ENG,DF,Chelsea,19-324,2006,12,7,573,6.4,1,0,1,1,0,0,1,0,2,5,1,1,11,6,0,0.16,0,0.16,0.16,0.16
5,Tyler Adams,us USA,MF,Bournemouth,27-039,1999,18,18,"1,411",15.7,2,1,3,2,0,0,7,0,29,12,1,1,25,19,0,0.13,0.06,0.19,0.13,0.19
6,Tosin Adarabioyo,eng ENG,DF,Chelsea,28-182,1997,15,7,750,8.3,0,0,0,0,0,0,2,0,5,0,1,0,9,6,0,0,0,0,0,0
7,Simon Adingra,ci CIV,"MF,FW",Sunderland,24-083,2002,14,9,653,7.3,1,0,1,1,0,0,2,0,18,3,4,27,2,8,0,0.14,0,0.14,0.14,0.14
8,Amine Adli,ma MAR,MF,Bournemouth,25-319,2000,27,10,"1,040",11.6,3,1,4,3,0,0,2,0,26,23,4,39,5,16,0,0.26,0.09,0.35,0.26,0.35
9,Emmanuel Agbadou,ci CIV,DF,Wolves,28-281,1997,14,12,"1,101",12.2,0,0,0,0,0,0,1,1,10,5,1,13,14,21,0,0,0,0,0,0
10,Nayef Aguerd,ma MAR,DF,West Ham United,29-360,1996,2,2,180,2,0,0,0,0,0,0,0,0,0,1,0,2,1,0,0,0,0,0,0,0
11,Ola Aina,ng NGA,DF,Nottingham Forest,29-168,1996,15,15,"1,320",14.7,0,0,0,0,0,0,3,0,13,10,0,33,24,17,0,0,0,0,0,0
12,Rayan Aït-Nouri,dz ALG,DF,Manchester City,24-292,2001,13,10,779,8.7,0,2,2,0,0,0,2,0,11,8,0,12,13,19,0,0,0.23,0.23,0,0.23
13,Kristoffer Ajer,no NOR,DF,Brentford,27-342,1998,24,18,"1,628",18.1,0,1,1,0,0,0,3,0,22,5,0,7,12,21,0,0,0.06,0.06,0,0.06
14,Nathan Aké,nl NED,DF,Manchester City,31-035,1995,14,4,495,5.5,0,0,0,0,0,0,1,0,2,6,1,4,4,6,0,0,0,0,0,0
15,Carlos Alcaraz,ar ARG,MF,Everton,23-115,2002,16,6,675,7.5,0,1,1,0,0,0,3,0,8,11,1,5,2,8,0,0,0.13,0.13,0,0.13
16,Omar Alderete,py PAR,DF,Sunderland,29-089,1996,27,26,"2,354",26.2,1,1,2,1,0,0,6,0,26,7,4,9,26,15,0,0.04,0.04,0.08,0.04,0.08
17,Alisson,br BRA,GK,Liverpool,33-174,1992,25,25,"2,250",25,0,0,0,0,0,0,1,0,1,7,0,0,0,0,0,0,0,0,0,0
18,Max Alleyne,eng ENG,DF,Manchester City,20-247,2005,2,2,135,1.5,0,0,0,0,0,0,0,0,0,0,0,0,3,3,0,0,0,0,0,0
19,Jaydon Amauri Banel,nl NED,"FW,MF",Burnley,21-157,2004,1,0,10,0.1,0,0,0,0,0,0,0,0,0,1,0,0,0,0,0,0,0,0,0,0
20,Ethan Ampadu,wls WAL,MF,Leeds United,25-192,2000,28,28,"2,489",27.7,1,1,2,1,0,0,7,0,36,28,0,24,39,38,0,0.04,0.04,0.07,0.04,0.07
21,Joachim Andersen,dk DEN,DF,Fulham,29-298,1996,28,28,"2,471",27.5,0,1,1,0,0,0,7,0,27,10,0,14,26,19,0,0,0.04,0.04,0,0.04
22,Elliot Anderson,eng ENG,MF,Nottingham Forest,23-139,2002,31,31,"2,772",30.8,2,2,4,1,1,1,6,0,46,68,2,157,35,54,0,0.06,0.06,0.13,0.03,0.1
23,André,br BRA,MF,Wolves,24-252,2001,28,23,"2,132",23.7,1,0,1,1,0,0,9,0,33,37,0,38,21,30,0,0.04,0,0.04,0.04,0.04
24,Nilson Angulo,ec ECU,MF,Sunderland,22-279,2003,5,3,256,2.8,0,0,0,0,0,0,0,0,7,2,1,7,2,5,0,0,0,0,0,0
25,Jaidon Anthony,eng ENG,MF,Burnley,26-114,1999,30,25,"2,114",23.5,7,1,8,7,0,0,4,0,20,38,7,59,15,16,0,0.3,0.04,0.34,0.3,0.34
26,Alphonse Areola,fr FRA,GK,West Ham United,33-026,1993,20,20,"1,800",20,0,1,1,0,0,0,0,0,1,1,0,0,1,0,0,0,0.05,0.05,0,0.05
27,Jhon Arias,co COL,"FW,MF",Wolves,28-185,1997,23,14,"1,124",12.5,1,0,1,1,0,0,1,0,26,9,3,30,7,27,0,0.08,0,0.08,0.08,0.08
28,Adam Armstrong,eng ENG,"FW,MF",Wolves,29-043,1997,7,7,566,6.3,1,2,3,1,0,0,3,0,7,2,1,2,1,3,0,0.16,0.32,0.48,0.16,0.48
29,Harrison Armstrong,eng ENG,MF,Everton,19-065,2007,11,6,499,5.5,0,0,0,0,0,0,0,0,6,15,2,2,4,10,0,0,0,0,0,0
30,Tolu Arokodare,ng NGA,FW,Wolves,25-122,2000,27,12,"1,244",13.8,3,1,4,3,0,1,1,0,17,13,6,0,5,3,0,0.22,0.07,0.29,0.22,0.29
31,Taiwo Awoniyi,ng NGA,FW,Nottingham Forest,28-225,1997,12,1,278,3.1,2,0,2,2,0,0,1,0,7,3,3,1,1,1,0,0.65,0,0.65,0.65,0.65
32,Yasin Ayari,se SWE,MF,Brighton,22-170,2003,24,18,"1,726",19.2,3,2,5,3,0,0,1,0,20,24,0,23,24,23,0,0.16,0.1,0.26,0.16,0.26
33,Benoît Badiashile,fr FRA,DF,Chelsea,24-364,2001,8,6,471,5.2,0,0,0,0,0,0,2,0,6,2,0,0,9,5,0,0,0,0,0,0
34,Leon Bailey,jm JAM,MF,Aston Villa,28-228,1997,9,2,340,3.8,0,1,1,0,0,0,1,0,5,4,1,15,1,4,0,0,0.26,0.26,0,0.26
35,Dilane Bakwa,fr FRA,MF,Nottingham Forest,23-211,2002,10,3,345,3.8,0,1,1,0,0,0,1,0,9,8,0,28,0,2,0,0,0.26,0.26,0,0.26
36,Carlos Baleba,cm CMR,MF,Brighton,22-081,2004,25,19,"1,279",14.2,0,0,0,0,0,0,5,0,26,16,0,0,24,15,0,0,0,0,0,0
37,Daniel Ballard,nir NIR,DF,Sunderland,26-184,1999,26,22,"2,008",22.3,2,0,2,2,0,0,3,0,25,27,3,0,19,16,0,0.09,0,0.09,0.09,0.09
38,Ross Barkley,eng ENG,MF,Aston Villa,32-110,1993,14,2,402,4.5,2,0,2,2,0,0,0,0,3,3,0,0,2,9,0,0.45,0,0.45,0.45,0.45
39,Ashley Barnes,eng ENG,"FW,MF",Burnley,36-146,1989,6,0,40,0.4,0,0,0,0,0,0,1,0,2,0,2,0,0,0,0,0,0,0,0,0
40,Harvey Barnes,eng ENG,"FW,MF",Newcastle United,28-106,1997,30,17,"1,659",18.4,5,0,5,5,0,0,1,0,15,19,3,66,3,5,0,0.27,0,0.27,0.27,0.27
41,Thierno Barry,fr FRA,FW,Everton,23-155,2002,31,19,"1,640",18.2,6,0,6,6,0,0,3,0,36,7,12,3,5,2,0,0.33,0,0.33,0.33,0.33
42,Calvin Bassey,ng NGA,DF,Fulham,26-084,1999,23,21,"1,904",21.2,1,0,1,1,0,0,5,0,22,29,1,9,15,20,0,0.05,0,0.05,0.05,0.05
43,Altay Bayındır,tr TUR,GK,Manchester Utd,27-345,1998,6,6,540,6,0,0,0,0,0,0,0,0,0,3,0,0,0,0,0,0,0,0,0,0
44,Jean-Ricner Bellegarde,ht HAI,"MF,FW",Wolves,27-271,1998,22,13,"1,086",12.1,1,1,2,1,0,0,4,0,17,33,0,22,9,14,0,0.08,0.08,0.17,0.08,0.17
45,Walter Benítez,ar ARG,GK,Crystal Palace,33-065,1993,1,1,90,1,0,0,0,0,0,0,0,0,0,0,0,0,0,0,0,0,0,0,0,0
46,Rodrigo Bentancur,uy URU,MF,Tottenham Hotspur,28-273,1997,20,17,"1,410",15.7,1,1,2,1,0,0,5,0,15,3,1,7,24,21,0,0.06,0.06,0.13,0.06,0.13
47,Sander Berge,no NOR,MF,Fulham,28-039,1998,31,30,"2,590",28.8,0,1,1,0,0,0,5,0,31,11,0,12,21,37,1,0,0.03,0.03,0,0.03
48,Lucas Bergvall,se SWE,MF,Tottenham Hotspur,20-051,2006,18,10,850,9.4,1,2,3,1,0,0,2,0,19,6,3,18,3,12,0,0.11,0.21,0.32,0.11,0.32
49,Beto,gw GNB,FW,Everton,28-053,1998,31,12,"1,212",13.5,6,1,7,6,0,0,2,0,27,11,7,2,1,4,0,0.45,0.07,0.52,0.45,0.52
50,Jaka Bijol,si SVN,DF,Leeds United,27-048,1999,18,14,"1,308",14.5,1,1,2,1,0,0,3,0,15,9,0,1,20,12,0,0.07,0.07,0.14,0.07,0.14
51,Yves Bissouma,ml MLI,MF,Tottenham Hotspur,29-207,1996,8,5,462,5.1,0,0,0,0,0,0,3,0,4,5,0,1,8,11,0,0,0,0,0,0
52,Marco Bizot,nl NED,GK,Aston Villa,35-015,1991,5,4,405,4.5,0,0,0,0,0,0,2,0,1,1,0,0,0,0,0,0,0,0,0,0
53,Oscar Bobb,no NOR,"MF,FW",Manchester City,22-256,2003,9,5,468,5.2,0,1,1,0,0,0,1,0,5,9,0,5,3,5,0,0,0.19,0.19,0,0.19
54,Oscar Bobb,no NOR,MF,Fulham,22-256,2003,7,3,296,3.3,0,0,0,0,0,0,0,0,3,2,0,3,4,2,0,0,0,0,0,0
55,Lamare Bogarde,nl NED,"MF,DF",Aston Villa,22-079,2004,24,8,807,9,0,0,0,0,0,0,5,0,14,17,0,2,3,14,0,0,0,0,0,0
56,Jayden Bogle,eng ENG,"DF,MF",Leeds United,25-241,2000,29,27,"2,402",26.7,1,1,2,1,0,0,6,0,32,23,9,55,25,34,0,0.04,0.04,0.07,0.04,0.07
57,Sebastiaan Bornauw,be BEL,DF,Leeds United,27-003,1999,9,4,304,3.4,0,0,0,0,0,0,1,0,5,0,0,1,5,2,0,0,0,0,0,0
58,Olivier Boscagli,fr FRA,DF,Brighton,28-127,1997,8,5,442,4.9,0,1,1,0,0,0,2,0,7,5,0,11,7,5,0,0,0.2,0.2,0,0.2
59,Sven Botman,nl NED,DF,Newcastle United,26-072,2000,18,14,"1,205",13.4,1,1,2,1,0,0,1,0,8,11,0,2,8,10,1,0.07,0.07,0.15,0.07,0.15
60,Jarrod Bowen,eng ENG,"MF,FW",West Ham United,29-095,1996,31,31,"2,777",30.9,8,6,14,7,1,1,4,0,17,45,17,108,20,22,0,0.26,0.19,0.45,0.23,0.42
61,Conor Bradley,nir NIR,DF,Liverpool,22-259,2003,15,12,929,10.3,0,1,1,0,0,0,5,0,18,20,1,23,12,15,0,0,0.1,0.1,0,0.1
62,Jarrad Branthwaite,eng ENG,DF,Everton,23-271,2002,8,5,504,5.6,1,0,1,1,0,0,1,0,3,1,0,3,8,5,0,0.18,0,0.18,0.18,0.18
63,Brian Brobbey,nl NED,FW,Sunderland,24-052,2002,24,15,"1,368",15.2,6,1,7,6,0,0,4,0,19,25,8,1,0,1,0,0.39,0.07,0.46,0.39,0.46
64,Armando Broja,al ALB,FW,Burnley,24-196,2001,20,8,819,9.1,1,1,2,1,0,0,0,0,12,14,5,2,3,3,0,0.11,0.11,0.22,0.11,0.22
65,David Brooks,wls WAL,MF,Bournemouth,28-260,1997,25,12,"1,051",11.7,1,2,3,1,0,0,7,0,11,12,2,54,3,9,0,0.09,0.17,0.26,0.09,0.26
66,Jacob Bruun Larsen,dk DEN,"MF,FW",Burnley,27-187,1998,23,10,972,10.8,0,1,1,0,0,0,0,0,1,0,3,39,6,3,0,0,0.09,0.09,0,0.09
67,Emi Buendía,ar ARG,MF,Aston Villa,29-090,1996,29,18,"1,451",16.1,5,2,7,5,0,0,6,0,34,33,1,8,8,20,0,0.31,0.12,0.43,0.31,0.43
68,Hugo Bueno,es ESP,"MF,DF",Wolves,23-188,2002,28,21,"1,952",21.7,1,1,2,1,0,0,1,0,14,20,2,140,29,29,0,0.05,0.05,0.09,0.05,0.09
69,Santiago Bueno,uy URU,DF,Wolves,27-136,1998,22,21,"1,923",21.4,2,1,3,2,0,0,4,0,21,9,1,5,20,22,0,0.09,0.05,0.14,0.09,0.14
70,Facundo Buonanotte,ar ARG,MF,Chelsea,21-092,2004,1,1,45,0.5,0,0,0,0,0,0,0,0,0,0,0,0,0,0,0,0,0,0,0,0
71,Facundo Buonanotte,ar ARG,MF,Leeds United,21-092,2004,2,0,26,0.3,0,0,0,0,0,0,1,0,1,0,0,0,1,0,0,0,0,0,0,0
72,Dan Burn,eng ENG,DF,Newcastle United,33-320,1992,23,21,"1,813",20.1,0,2,2,0,0,0,9,1,33,9,2,11,16,21,0,0,0.1,0.1,0,0.1
73,Bradley Burrowes,eng ENG,MF,Aston Villa,18-021,2008,1,0,17,0.2,0,0,0,0,0,0,0,0,0,1,0,3,0,0,0,0,0,0,0,0
74,Jun'ai Byfield,eng ENG,DF,Tottenham Hotspur,17-109,2008,1,0,1,0,0,0,0,0,0,0,0,0,0,0,0,0,0,0,0,0,0,0,0,0
75,Sam Byram,eng ENG,"DF,MF",Leeds United,32-190,1993,1,0,8,0.1,0,0,0,0,0,0,0,0,1,0,0,0,0,0,0,0,0,0,0,0
76,Moisés Caicedo,ec ECU,MF,Chelsea,24-143,2001,26,25,"2,181",24.2,3,1,4,3,0,0,9,1,41,40,0,8,51,43,0,0.12,0.04,0.17,0.12,0.17
77,Tom Cairney,sct SCO,MF,Fulham,35-064,1991,20,4,562,6.2,1,0,1,1,0,0,3,0,8,9,0,6,2,3,0,0.16,0,0.16,0.16,0.16
78,Riccardo Calafiori,it ITA,DF,Arsenal,23-310,2002,22,18,"1,448",16.1,1,2,3,1,0,0,5,0,25,9,2,21,13,18,0,0.06,0.12,0.19,0.06,0.19
79,Dominic Calvert-Lewin,eng ENG,FW,Leeds United,29-009,1997,28,23,"2,115",23.5,10,1,11,8,2,3,1,0,32,30,22,7,2,4,0,0.43,0.04,0.47,0.34,0.38
80,Jaydee Canvot,fr FRA,DF,Crystal Palace,19-239,2006,13,7,706,7.8,0,0,0,0,0,0,2,0,9,3,0,3,6,13,0,0,0,0,0,0
81,Fabio Carvalho,pt POR,MF,Brentford,23-207,2002,6,1,102,1.1,1,0,1,1,0,0,0,0,0,0,0,5,0,2,0,0.88,0,0.88,0.88,0.88
82,Casemiro,br BRA,MF,Manchester Utd,34-030,1992,29,28,"2,131",23.7,7,2,9,7,0,0,10,1,41,27,3,16,21,36,0,0.3,0.08,0.38,0.3,0.38
83,Matty Cash,pl POL,DF,Aston Villa,28-230,1997,28,28,"2,441",27.1,3,2,5,3,0,0,7,0,38,25,3,105,20,23,0,0.11,0.07,0.18,0.11,0.18
84,Timothy Castagne,be BEL,"DF,MF",Fulham,30-110,1995,23,13,"1,223",13.6,0,0,0,0,0,0,3,0,14,4,0,36,20,16,0,0,0,0,0,0
85,Valentín Castellanos,ar ARG,FW,West Ham United,27-173,1998,11,11,860,9.6,2,0,2,2,0,0,2,0,19,10,7,4,1,5,0,0.21,0,0.21,0.21,0.21
86,Trevoh Chalobah,eng ENG,DF,Chelsea,26-263,1999,29,29,"2,550",28.3,3,0,3,3,0,0,3,1,20,18,2,5,35,22,0,0.11,0,0.11,0.11,0.11
87,Rayan Cherki,fr FRA,MF,Manchester City,22-220,2003,25,14,"1,308",14.5,3,8,11,3,0,0,1,0,14,30,1,58,7,15,0,0.21,0.55,0.76,0.21,0.76
88,Federico Chiesa,it ITA,MF,Liverpool,28-151,1997,23,1,296,3.3,2,1,3,2,0,0,3,0,9,5,2,14,4,5,0,0.61,0.3,0.91,0.61,0.91
89,Tawanda Chirewa,zw ZIM,MF,Wolves,22-164,2003,2,0,27,0.3,0,0,0,0,0,0,0,0,3,1,0,0,0,0,0,0,0,0,0,0
90,Ryan Christie,sct SCO,MF,Bournemouth,31-031,1995,21,5,727,8.1,2,0,2,2,0,0,2,0,13,16,1,15,8,14,0,0.25,0,0.25,0.25,0.25
91,Samuel Chukwueze,ng NGA,MF,Fulham,26-307,1999,17,7,809,9,3,4,7,3,0,0,0,0,5,10,3,28,5,4,0,0.33,0.44,0.78,0.33,0.78
92,Dennis Cirkin,eng ENG,DF,Sunderland,23-353,2002,7,3,304,3.4,0,0,0,0,0,0,1,0,3,2,0,3,5,5,0,0,0,0,0,0
93,Nathaniel Clyne,eng ENG,MF,Crystal Palace,34-354,1991,8,6,495,5.5,0,1,1,0,0,0,1,0,4,1,0,14,7,9,0,0,0.18,0.18,0,0.18
94,Séamus Coleman,ie IRL,DF,Everton,37-165,1988,3,1,11,0.1,0,0,0,0,0,0,0,0,0,1,0,1,0,0,0,0,0,0,0,0
95,Nathan Collins,ie IRL,DF,Brentford,24-329,2001,28,25,"2,345",26.1,1,2,3,1,0,0,5,0,16,15,2,1,28,9,1,0.04,0.08,0.12,0.04,0.12
96,Lewis Cook,eng ENG,"MF,DF",Bournemouth,29-050,1997,16,8,872,9.7,0,1,1,0,0,0,1,1,8,5,0,44,21,17,0,0,0.1,0.1,0,0.1
97,Diego Coppola,it ITA,DF,Brighton,22-087,2003,5,2,194,2.2,0,0,0,0,0,0,2,0,4,0,0,0,1,2,0,0,0,0,0,0
98,Marc Cucurella,es ESP,DF,Chelsea,27-246,1998,27,24,"2,077",23.1,1,3,4,1,0,0,5,1,35,20,1,26,21,32,0,0.04,0.13,0.17,0.04,0.17
99,Jorge Cuenca,es ESP,DF,Fulham,26-128,1999,14,11,933,10.4,0,0,0,0,0,0,5,0,9,1,1,2,15,10,0,0,0,0,0,0
100,Josh Cullen,ie IRL,MF,Burnley,29-352,1996,18,18,"1,514",16.8,2,2,4,2,0,0,2,0,16,18,0,12,24,19,1,0.12,0.12,0.24,0.12,0.24
101,Jair Cunha,br BRA,DF,Nottingham Forest,21-018,2005,3,2,215,2.4,0,0,0,0,0,0,0,0,0,1,0,0,3,3,0,0,0,0,0,0
102,Matheus Cunha,br BRA,"MF,FW",Manchester Utd,26-302,1999,28,24,"2,069",23,7,2,9,7,0,0,1,0,18,48,2,43,16,19,0,0.3,0.09,0.39,0.3,0.39
103,Diogo Dalot,pt POR,"MF,DF",Manchester Utd,27-007,1999,29,25,"2,233",24.8,1,3,4,1,0,0,5,0,22,12,4,51,24,25,0,0.04,0.12,0.16,0.04,0.16
104,Mikkel Damsgaard,dk DEN,MF,Brentford,25-265,2000,26,18,"1,575",17.5,3,4,7,3,0,0,0,0,15,18,3,83,18,25,0,0.17,0.23,0.4,0.17,0.4
105,Kevin Danso,at AUT,DF,Tottenham Hotspur,27-187,1998,17,11,933,10.4,0,0,0,0,0,0,4,0,11,9,0,5,13,9,0,0,0,0,0,0
106,Karl Darlow,wls WAL,GK,Leeds United,35-168,1990,15,15,"1,350",15,0,0,0,0,0,0,1,0,0,5,0,0,0,0,0,0,0,0,0,0
107,Ben Davies,wls WAL,DF,Tottenham Hotspur,32-335,1993,3,2,137,1.5,1,0,1,1,0,0,1,0,2,0,0,3,1,4,0,0.66,0,0.66,0.66,0.66
108,Maxim De Cuyper,be BEL,"DF,MF",Brighton,25-093,2000,24,14,"1,152",12.8,2,0,2,2,0,0,2,0,15,18,1,57,9,9,0,0.16,0,0.16,0.16,0.16
109,Liam Delap,eng ENG,FW,Chelsea,23-045,2003,22,9,796,8.8,1,0,1,1,0,0,2,0,17,15,2,6,1,3,0,0.11,0,0.11,0.11,0.11
110,Sepp van den Berg,nl NED,DF,Brentford,24-095,2001,26,25,"2,304",25.6,0,1,1,0,0,0,1,0,13,9,0,0,24,6,0,0,0.04,0.04,0,0.04
111,Justin Devenny,nir NIR,"MF,FW",Crystal Palace,22-165,2003,18,5,603,6.7,1,0,1,0,1,1,0,0,10,6,1,9,0,8,0,0.15,0,0.15,0,0
112,Kiernan Dewsbury-Hall,eng ENG,MF,Everton,27-200,1998,24,23,"2,005",22.3,6,3,9,6,0,0,6,0,25,39,1,93,11,19,0,0.27,0.13,0.4,0.27,0.4
113,Bafodé Diakité,fr FRA,DF,Bournemouth,25-078,2001,18,15,"1,277",14.2,0,0,0,0,0,0,1,0,8,4,2,1,10,15,0,0,0,0,0,0
114,Amad Diallo,ci CIV,MF,Manchester Utd,23-257,2002,25,22,"1,917",21.3,2,2,4,2,0,0,2,0,18,33,11,40,13,19,0,0.09,0.09,0.19,0.09,0.19
115,Habib Diarra,sn SEN,MF,Sunderland,22-081,2004,14,12,"1,098",12.2,2,0,2,1,1,1,4,0,14,19,1,18,3,6,0,0.16,0,0.16,0.08,0.08
116,Rúben Dias,pt POR,DF,Manchester City,28-315,1997,25,23,"2,051",22.8,2,0,2,2,0,0,3,0,14,9,0,9,22,6,0,0.09,0,0.09,0.09,0.09
117,Tyler Dibling,eng ENG,MF,Everton,20-013,2006,14,4,358,4,0,0,0,0,0,0,2,0,11,11,0,7,6,3,0,0,0,0,0,0
118,Lucas Digne,fr FRA,DF,Aston Villa,32-248,1993,26,18,"1,557",17.3,0,4,4,0,0,0,3,0,11,11,3,90,10,21,0,0,0.23,0.23,0,0.23
119,Issa Diop,fr FRA,DF,Fulham,29-075,1997,10,6,596,6.6,0,0,0,0,0,0,2,0,7,3,0,1,4,2,0,0,0,0,0,0
120,El Hadji Malick Diouf,sn SEN,"DF,MF",West Ham United,21-087,2004,25,23,"2,094",23.3,0,5,5,0,0,0,4,0,22,17,2,73,28,14,0,0,0.21,0.21,0,0.21
121,Axel Disasi,fr FRA,DF,West Ham United,28-014,1998,7,7,630,7,0,0,0,0,0,0,0,0,5,3,0,0,4,3,1,0,0,0,0,0
122,Matt Doherty,ie IRL,"DF,MF",Wolves,34-068,1992,10,10,702,7.8,0,0,0,0,0,0,4,0,16,5,0,8,7,7,0,0,0,0,0,0
123,Jeremy Doku,be BEL,"MF,FW",Manchester City,23-302,2002,22,13,"1,231",13.7,1,4,5,1,0,0,0,0,17,40,3,46,9,11,0,0.07,0.29,0.37,0.07,0.37
124,Nicolás Domínguez,ar ARG,MF,Nottingham Forest,27-270,1998,20,14,935,10.4,1,0,1,1,0,0,2,0,11,8,0,13,4,22,0,0.1,0,0.1,0.1,0.1
125,Gianluigi Donnarumma,it ITA,GK,Manchester City,27-028,1999,27,27,"2,430",27,0,0,0,0,0,0,6,0,0,3,0,0,1,0,0,0,0,0,0,0
126,Romelle Donovan,eng ENG,FW,Brentford,19-115,2006,4,0,41,0.5,0,0,0,0,0,0,0,0,2,3,0,2,0,0,0,0,0,0,0,0
127,Patrick Dorgu,dk DEN,MF,Manchester Utd,21-150,2004,22,14,"1,335",14.8,3,3,6,3,0,0,5,0,19,42,7,54,14,30,0,0.2,0.2,0.4,0.2,0.4
128,Max Dowman,eng ENG,MF,Arsenal,16-084,2009,3,0,46,0.5,1,0,1,1,0,0,0,0,0,4,0,1,0,2,0,1.96,0,1.96,1.96,1.96
129,Radu Drăgușin,ro ROU,DF,Tottenham Hotspur,24-050,2002,8,5,515,5.7,0,0,0,0,0,0,0,0,9,1,0,3,15,3,0,0,0,0,0,0
130,Joél Drakes-Thomas,eng ENG,MF,Crystal Palace,16-289,2009,2,0,9,0.1,0,0,0,0,0,0,0,0,1,0,0,0,0,1,0,0,0,0,0,0
131,Martin Dúbravka,sk SVK,GK,Burnley,37-069,1989,31,31,"2,790",31,0,0,0,0,0,0,1,0,0,6,0,0,0,1,0,0,0,0,0,0
132,Lewis Dunk,eng ENG,DF,Brighton,34-124,1991,29,28,"2,565",28.5,0,0,0,0,0,0,10,0,13,8,1,5,29,21,0,0,0,0,0,0
133,George Earthy,eng ENG,MF,West Ham United,21-201,2004,1,0,9,0.1,0,0,0,0,0,0,0,0,0,0,0,0,0,0,0,0,0,0,0,0
134,Odsonne Édouard,fr FRA,FW,Crystal Palace,28-068,1998,1,0,3,0,0,0,0,0,0,0,0,0,0,1,0,0,0,1,0,0,0,0,0,0
135,Tom Edozie,eng ENG,MF,Wolves,19-311,2006,1,0,7,0.1,1,0,1,1,0,0,0,0,0,0,0,0,0,0,0,12.86,0,12.86,12.86,12.86
136,Alysson Edward,br BRA,MF,Aston Villa,19-324,2006,3,0,49,0.5,0,0,0,0,0,0,0,0,0,1,0,2,1,0,0,0,0,0,0,0
137,Marcus Edwards,eng ENG,"MF,FW",Burnley,27-112,1998,19,9,910,10.1,1,3,4,1,0,0,0,0,7,12,1,16,3,5,0,0.1,0.3,0.4,0.1,0.4
138,Hjalmar Ekdal,se SWE,DF,Burnley,27-155,1998,15,13,"1,179",13.1,0,0,0,0,0,0,0,0,5,3,2,1,9,13,0,0,0,0,0,0
139,Hugo Ekitike,fr FRA,FW,Liverpool,23-278,2002,28,21,"1,803",20,11,4,15,11,0,0,0,0,35,12,10,7,4,7,0,0.55,0.2,0.75,0.55,0.75
140,Anthony Elanga,se SWE,"FW,MF",Newcastle United,23-332,2002,27,13,"1,221",13.6,0,1,1,0,0,0,0,0,8,22,2,77,3,11,0,0,0.07,0.07,0,0.07
141,Melker Ellborg,se SWE,GK,Sunderland,22-307,2003,3,3,270,3,0,0,0,0,0,0,0,0,0,1,0,0,0,0,0,0,0,0,0,0
142,Harvey Elliott,eng ENG,MF,Aston Villa,22-355,2003,4,1,112,1.2,0,0,0,0,0,0,0,0,0,2,0,3,0,0,0,0,0,0,0,0
143,Harvey Elliott,eng ENG,"FW,MF",Liverpool,22-355,2003,1,0,1,0,0,0,0,0,0,0,0,0,0,0,0,0,0,0,0,0,0,0,0,0
144,Wataru Endo,jp JPN,DF,Liverpool,33-044,1993,8,1,175,1.9,0,1,1,0,0,0,1,0,2,3,0,3,0,3,0,0,0.51,0.51,0,0.51
145,Romain Esse,eng ENG,MF,Crystal Palace,20-316,2005,4,0,44,0.5,0,0,0,0,0,0,0,0,2,2,0,2,0,1,0,0,0,0,0,0
146,Maxime Estève,fr FRA,DF,Burnley,23-303,2002,28,28,"2,401",26.7,0,0,0,0,0,0,0,0,10,12,0,5,32,23,2,0,0,0,0,0
147,Evanilson,br BRA,FW,Bournemouth,26-170,1999,29,25,"2,194",24.4,6,0,6,6,0,0,1,0,18,27,24,2,2,3,0,0.25,0,0.25,0.25,0.25
148,Eberechi Eze,eng ENG,"MF,FW",Arsenal,27-269,1998,25,16,"1,419",15.8,6,2,8,6,0,0,1,0,14,28,1,7,8,11,0,0.38,0.13,0.51,0.38,0.51
149,Eberechi Eze,eng ENG,MF,Crystal Palace,27-269,1998,1,1,83,0.9,0,0,0,0,0,0,0,0,2,1,0,4,0,1,0,0,0,0,0,0
150,Bruno Fernandes,pt POR,MF,Manchester Utd,31-198,1994,28,28,"2,434",27,8,16,24,4,4,6,3,0,20,33,4,131,16,29,0,0.3,0.59,0.89,0.15,0.74
151,Mateus Fernandes,pt POR,MF,West Ham United,21-258,2004,29,28,"2,392",26.6,3,3,6,3,0,0,6,0,41,40,0,45,30,54,0,0.11,0.11,0.23,0.11,0.23
152,Enzo Fernández,ar ARG,MF,Chelsea,25-067,2001,30,29,"2,578",28.6,8,3,11,6,2,2,8,0,30,39,1,65,16,23,0,0.28,0.1,0.38,0.21,0.31
153,Zian Flemming,nl NED,FW,Burnley,27-236,1998,22,14,"1,189",13.2,8,0,8,6,2,2,3,0,31,17,2,3,4,6,0,0.61,0,0.61,0.45,0.45
154,Jack Fletcher,eng ENG,MF,Manchester Utd,19-006,2007,3,0,108,1.2,0,0,0,0,0,0,0,0,2,1,0,0,1,1,0,0,0,0,0,0
155,Tyler Fletcher,sct SCO,MF,Manchester Utd,19-006,2007,1,0,1,0,0,0,0,0,0,0,0,0,0,0,0,0,0,0,0,0,0,0,0,0
156,Phil Foden,eng ENG,MF,Manchester City,25-301,2000,26,21,"1,811",20.1,7,3,10,7,0,0,4,0,17,26,2,103,9,12,0,0.35,0.15,0.5,0.35,0.5
157,Wesley Fofana,fr FRA,DF,Chelsea,25-098,2000,19,14,"1,276",14.2,0,1,1,0,0,0,6,1,19,12,1,2,25,11,0,0,0.07,0.07,0,0.07
158,Lyle Foster,za RSA,"FW,MF",Burnley,25-203,2000,23,15,"1,303",14.5,3,2,5,3,0,0,4,0,21,13,11,6,4,10,0,0.21,0.14,0.35,0.21,0.35
159,Tyler Fredricson,eng ENG,DF,Manchester Utd,21-030,2005,1,0,3,0,0,0,0,0,0,0,0,0,0,0,0,0,0,0,0,0,0,0,0,0
160,Jeremie Frimpong,nl NED,"DF,MF",Liverpool,25-105,2000,15,9,752,8.4,0,1,1,0,0,0,1,0,4,13,3,42,5,8,0,0,0.12,0.12,0,0.12
161,Niclas Füllkrug,de GER,FW,West Ham United,33-044,1993,8,5,409,4.5,0,0,0,0,0,0,0,0,11,1,2,0,2,1,0,0,0,0,0,0
162,Cody Gakpo,nl NED,"MF,FW",Liverpool,26-322,1999,29,25,"2,145",23.8,6,3,9,6,0,0,2,0,32,39,20,83,9,10,0,0.25,0.13,0.38,0.25,0.38
163,Conor Gallagher,eng ENG,MF,Tottenham Hotspur,26-047,2000,9,7,585,6.5,0,1,1,0,0,0,0,0,12,14,0,14,9,6,0,0,0.15,0.15,0,0.15
164,Idrissa Gana Gueye,sn SEN,MF,Everton,36-180,1989,22,22,"1,845",20.5,2,2,4,2,0,0,1,1,18,27,0,18,28,20,0,0.1,0.1,0.2,0.1,0.2
165,Ben Gannon-Doak,sct SCO,MF,Bournemouth,20-134,2005,5,0,61,0.7,0,1,1,0,0,0,0,0,3,1,0,2,1,0,0,0,1.48,1.48,0,1.48
166,Andrés García,es ESP,DF,Aston Villa,23-046,2003,4,0,40,0.4,0,0,0,0,0,0,0,0,0,0,0,4,0,1,0,0,0,0,0,0
167,Alejandro Garnacho,ar ARG,MF,Chelsea,21-267,2004,20,14,"1,122",12.5,1,4,5,1,0,0,2,0,8,19,1,58,4,11,0,0.08,0.32,0.4,0.08,0.4
168,James Garner,eng ENG,"MF,DF",Everton,25-012,2001,31,31,"2,783",30.9,2,6,8,2,0,0,7,0,28,30,0,166,48,54,0,0.06,0.19,0.26,0.06,0.26
169,Lutsharel Geertruida,nl NED,"DF,MF",Sunderland,25-250,2000,25,14,"1,423",15.8,0,0,0,0,0,0,1,0,14,5,1,7,17,20,0,0,0,0,0,0
170,Tyrique George,eng ENG,FW,Chelsea,20-049,2006,4,0,145,1.6,0,0,0,0,0,0,2,0,6,1,2,1,0,2,0,0,0,0,0,0
171,Tyrique George,eng ENG,MF,Everton,20-049,2006,5,1,106,1.2,0,0,0,0,0,0,0,0,2,0,0,2,1,0,0,0,0,0,0,0
172,Morgan Gibbs-White,eng ENG,"MF,FW",Nottingham Forest,26-057,2000,31,30,"2,637",29.3,9,2,11,8,1,1,1,0,22,37,4,34,10,12,0,0.31,0.07,0.38,0.27,0.34
173,Jamie Gittens,eng ENG,MF,Chelsea,21-229,2004,16,5,495,5.5,0,2,2,0,0,0,0,0,6,8,2,13,2,4,0,0,0.36,0.36,0,0.36
174,Wilfried Gnonto,it ITA,FW,Leeds United,22-140,2003,16,4,387,4.3,0,1,1,0,0,0,3,0,7,8,0,15,3,10,0,0,0.23,0.23,0,0.23
175,Angel Gomes,eng ENG,"MF,FW",Wolves,25-206,2000,7,4,284,3.2,0,0,0,0,0,0,1,0,5,6,0,5,1,4,0,0,0,0,0,0
176,João Gomes,br BRA,MF,Wolves,25-041,2001,29,26,"2,297",25.5,1,1,2,1,0,0,9,0,56,39,0,25,31,57,0,0.04,0.04,0.08,0.04,0.08
177,Rodrigo Gomes,pt POR,"MF,FW",Wolves,22-261,2003,15,6,602,6.7,3,0,3,3,0,0,0,0,4,7,3,20,8,13,0,0.45,0,0.45,0.45,0.45
178,Toti Gomes,pt POR,DF,Wolves,27-068,1999,14,13,"1,039",11.5,0,0,0,0,0,0,2,1,9,8,0,10,9,7,0,0,0,0,0,0
179,Diego Gómez,py PAR,"MF,FW",Brighton,22-363,2003,28,23,"1,930",21.4,5,1,6,5,0,0,9,0,45,9,1,21,16,47,0,0.23,0.05,0.28,0.23,0.28
180,Joe Gomez,eng ENG,DF,Liverpool,28-306,1997,16,6,500,5.6,0,2,2,0,0,0,2,0,9,0,0,15,8,3,0,0,0.36,0.36,0,0.36
181,Nicolás González,es ESP,MF,Manchester City,24-081,2002,21,15,"1,376",15.3,1,0,1,1,0,0,6,0,28,17,0,2,22,26,0,0.07,0,0.07,0.07,0.07
182,Anthony Gordon,eng ENG,FW,Newcastle United,25-029,2001,25,23,"1,725",19.2,6,2,8,3,3,3,3,1,13,37,5,69,3,13,0,0.31,0.1,0.42,0.16,0.26
183,Ryan Gravenberch,nl NED,MF,Liverpool,23-313,2002,29,29,"2,518",28,4,3,7,4,0,0,5,0,30,36,0,6,38,30,0,0.14,0.11,0.25,0.14,0.25
184,Archie Gray,eng ENG,"MF,DF",Tottenham Hotspur,20-013,2006,21,17,"1,374",15.3,2,2,4,2,0,0,5,0,11,2,0,12,14,8,0,0.13,0.13,0.26,0.13,0.26
185,Jack Grealish,eng ENG,MF,Everton,30-196,1995,20,18,"1,627",18.1,2,6,8,2,0,0,5,1,13,58,0,39,11,15,0,0.11,0.33,0.44,0.11,0.44
186,Pascal Groß,de GER,MF,Brighton,34-283,1991,12,11,"1,006",11.2,1,1,2,1,0,0,2,0,10,11,4,72,8,11,0,0.09,0.09,0.18,0.09,0.18
187,Brajan Gruda,de GER,MF,Brighton,21-298,2004,18,8,719,8,1,1,2,1,0,0,2,0,11,14,2,14,2,5,0,0.13,0.13,0.25,0.13,0.25
188,Ilia Gruev,bg BUL,MF,Leeds United,25-323,2000,21,15,"1,293",14.4,0,3,3,0,0,0,3,0,16,9,0,16,14,13,0,0,0.21,0.21,0,0.21
189,Gabriel Gudmundsson,se SWE,"DF,MF",Leeds United,26-330,1999,29,28,"2,362",26.2,0,0,0,0,0,0,6,1,30,51,3,77,21,42,1,0,0,0,0,0
190,Marc Guéhi,eng ENG,DF,Crystal Palace,25-255,2000,20,20,"1,800",20,2,2,4,2,0,0,4,0,14,18,0,10,24,19,0,0.1,0.1,0.2,0.1,0.2
191,Marc Guéhi,eng ENG,DF,Manchester City,25-255,2000,8,8,720,8,0,0,0,0,0,0,1,0,4,7,0,3,14,6,0,0,0,0,0,0
192,Evann Guessand,ci CIV,MF,Aston Villa,24-267,2001,13,6,588,6.5,0,1,1,0,0,0,0,0,11,12,0,10,3,9,0,0,0.15,0.15,0,0.15
193,Evann Guessand,ci CIV,MF,Crystal Palace,24-267,2001,6,3,300,3.3,1,1,2,1,0,0,0,0,4,8,0,1,2,2,0,0.3,0.3,0.6,0.3,0.6
194,Luis Guilherme,br BRA,FW,West Ham United,20-044,2006,5,1,125,1.4,0,0,0,0,0,0,0,0,0,0,0,0,0,1,0,0,0,0,0,0
195,Bruno Guimarães,br BRA,MF,Newcastle United,28-129,1997,23,22,"2,017",22.4,9,4,13,7,2,2,5,0,33,52,1,62,13,35,0,0.4,0.18,0.58,0.31,0.49
196,Marc Guiu,es ESP,FW,Sunderland,20-080,2006,2,0,15,0.2,0,0,0,0,0,0,0,0,0,0,0,0,0,0,0,0,0,0,0,0
197,Marc Guiu,es ESP,FW,Chelsea,20-080,2006,7,1,238,2.6,0,1,1,0,0,0,1,0,9,2,0,0,0,0,0,0,0.38,0.38,0,0.38
198,Angus Gunn,sct SCO,GK,Nottingham Forest,30-062,1996,1,0,45,0.5,0,0,0,0,0,0,0,0,0,0,0,0,0,0,0,0,0,0,0,0
199,Malo Gusto,fr FRA,"DF,MF",Chelsea,22-310,2003,28,20,"1,741",19.3,2,3,5,2,0,0,4,1,15,13,1,38,23,21,0,0.1,0.16,0.26,0.1,0.26
200,Joško Gvardiol,hr CRO,DF,Manchester City,24-061,2002,16,15,"1,302",14.5,2,2,4,2,0,0,2,0,16,7,0,2,14,13,0,0.14,0.14,0.28,0.14,0.28
201,Viktor Gyökeres,se SWE,FW,Arsenal,27-294,1998,29,23,"1,892",21,11,0,11,9,2,2,4,0,28,23,2,7,1,5,0,0.52,0,0.52,0.43,0.43
202,Erling Haaland,no NOR,FW,Manchester City,25-247,2000,29,28,"2,413",26.8,22,7,29,19,3,4,1,0,19,23,3,3,3,6,0,0.82,0.26,1.08,0.71,0.97
203,Lewis Hall,eng ENG,DF,Newcastle United,21-198,2004,24,19,"1,753",19.5,1,1,2,1,0,0,3,0,15,33,0,89,25,26,0,0.05,0.05,0.1,0.05,0.1
204,Jack Harrison,eng ENG,FW,Leeds United,29-125,1996,11,1,269,3,0,0,0,0,0,0,0,0,1,4,0,17,4,2,0,0,0,0,0,0
205,Quilindschy Hartman,nl NED,DF,Burnley,24-131,2001,17,17,"1,500",16.7,0,4,4,0,0,0,1,0,10,3,1,69,24,22,0,0,0.24,0.24,0,0.24
206,Jorrel Hato,nl NED,DF,Chelsea,20-018,2006,16,6,647,7.2,0,0,0,0,0,0,4,0,10,1,0,7,10,11,0,0,0,0,0,0
207,Kai Havertz,de GER,"MF,FW",Arsenal,26-287,1999,6,3,264,2.9,0,1,1,0,0,0,0,0,1,7,0,1,0,2,0,0,0.34,0.34,0,0.34
208,Ayden Heaven,eng ENG,DF,Manchester Utd,19-184,2006,14,8,654,7.3,0,1,1,0,0,0,2,0,5,5,0,1,1,9,1,0,0.14,0.14,0,0.14
209,Jan Paul van Hecke,nl NED,DF,Brighton,25-290,2000,29,29,"2,580",28.7,3,2,5,3,0,0,7,0,22,34,3,19,31,24,1,0.1,0.07,0.17,0.1,0.17
210,Hwang Hee-chan,kr KOR,"FW,MF",Wolves,30-058,1996,20,15,"1,149",12.8,2,1,3,1,1,1,3,0,22,14,7,17,7,3,0,0.16,0.08,0.23,0.08,0.16
211,George Hemmings,eng ENG,MF,Aston Villa,19-021,2007,2,0,27,0.3,0,0,0,0,0,0,0,0,1,0,0,0,0,0,0,0,0,0,0,0
212,Dean Henderson,eng ENG,GK,Crystal Palace,29-013,1997,29,29,"2,610",29,0,0,0,0,0,0,3,0,1,5,0,0,1,0,0,0,0,0,0,0
213,Jordan Henderson,eng ENG,MF,Brentford,35-281,1990,29,21,"1,820",20.2,1,3,4,1,0,0,4,0,13,7,1,44,16,13,0,0.05,0.15,0.2,0.05,0.2
214,Rico Henry,jm JAM,DF,Brentford,28-260,1997,25,14,"1,328",14.8,0,1,1,0,0,0,2,0,15,17,2,26,7,11,0,0,0.07,0.07,0,0.07
215,Mads Hermansen,dk DEN,GK,West Ham United,25-257,2000,11,11,990,11,0,0,0,0,0,0,0,0,0,1,0,0,0,0,0,0,0,0,0,0
216,Aaron Hickey,sct SCO,DF,Brentford,23-288,2002,18,7,599,6.7,0,0,0,0,0,0,1,0,6,8,0,4,7,6,0,0,0,0,0,0
217,James Hill,eng ENG,DF,Bournemouth,24-074,2002,22,15,"1,476",16.4,0,3,3,0,0,0,2,0,11,11,1,9,29,12,1,0,0.18,0.18,0,0.18
218,Piero Hincapié,ec ECU,DF,Arsenal,24-075,2002,21,17,"1,503",16.7,1,2,3,1,0,0,2,0,16,12,0,28,20,21,1,0.06,0.12,0.18,0.06,0.18
219,Jack Hinshelwood,eng ENG,MF,Brighton,20-348,2005,20,13,"1,176",13.1,1,3,4,1,0,0,0,0,27,8,2,4,5,10,1,0.08,0.23,0.31,0.08,0.31
220,Ki-Jana Hoever,nl NED,"MF,DF",Wolves,24-066,2002,8,6,425,4.7,0,0,0,0,0,0,0,0,3,3,1,22,5,11,0,0,0,0,0,0
221,Harry Howell,eng ENG,MF,Brighton,17-339,2008,3,1,94,1,0,0,0,0,0,0,0,0,0,0,1,4,0,0,0,0,0,0,0,0
222,Callum Hudson-Odoi,eng ENG,MF,Nottingham Forest,25-138,2000,29,20,"1,751",19.5,3,3,6,3,0,0,0,0,11,12,2,87,8,6,0,0.15,0.15,0.31,0.15,0.31
223,Will Hughes,eng ENG,MF,Crystal Palace,30-342,1995,27,15,"1,301",14.5,0,0,0,0,0,0,7,0,20,19,0,38,11,15,0,0,0,0,0,0
224,Trai Hume,nir NIR,"DF,MF",Sunderland,24-007,2002,31,29,"2,581",28.7,0,1,1,0,0,0,8,0,24,33,3,81,21,41,0,0,0.03,0.03,0,0.03
225,Bashir Humphreys,eng ENG,"DF,MF",Burnley,23-010,2003,15,13,"1,242",13.8,0,0,0,0,0,0,5,0,13,6,0,15,7,15,0,0,0,0,0,0
226,Omari Hutchinson,eng ENG,MF,Nottingham Forest,22-146,2003,24,12,"1,287",14.3,1,3,4,1,0,0,0,0,17,19,6,113,7,8,0,0.07,0.21,0.28,0.07,0.28
227,Igor,br BRA,DF,West Ham United,28-046,1998,4,1,105,1.2,0,0,0,0,0,0,0,0,1,0,0,0,1,0,0,0,0,0,0,0
228,Tim Iroegbunam,eng ENG,MF,Everton,22-268,2003,23,13,"1,110",12.3,0,2,2,0,0,0,8,0,22,19,0,2,19,36,0,0,0.16,0.16,0,0.16
229,Andy Irving,sct SCO,MF,West Ham United,25-316,2000,7,2,158,1.8,0,0,0,0,0,0,0,0,1,0,0,12,1,4,0,0,0,0,0,0
230,Alexander Isak,se SWE,FW,Liverpool,26-185,1999,10,6,504,5.6,2,1,3,2,0,0,0,0,5,0,0,2,0,5,0,0.36,0.18,0.54,0.36,0.54
231,Wilson Isidor,fr FRA,FW,Sunderland,25-210,2000,26,11,"1,068",11.9,4,0,4,4,0,0,1,0,13,4,10,0,0,6,0,0.34,0,0.34,0.34,0.34
232,Alex Iwobi,ng NGA,MF,Fulham,29-326,1996,25,25,"2,131",23.7,4,3,7,4,0,0,3,0,7,9,1,74,12,14,0,0.17,0.13,0.3,0.17,0.3
233,Daniel James,wls WAL,FW,Leeds United,28-135,1997,15,4,416,4.6,0,0,0,0,0,0,0,0,1,7,1,42,1,4,0,0,0,0,0,0
234,Reece James,eng ENG,"DF,MF",Chelsea,26-107,1999,27,20,"1,896",21.1,2,4,6,2,0,0,4,0,26,20,1,123,31,32,0,0.09,0.19,0.28,0.09,0.28
235,Vitaly Janelt,de GER,MF,Brentford,27-319,1998,22,13,"1,261",14,1,4,5,1,0,0,7,0,17,12,0,53,26,16,0,0.07,0.29,0.36,0.07,0.36
236,Mathias Jensen,dk DEN,MF,Brentford,30-083,1996,29,19,"1,653",18.4,2,1,3,2,0,0,3,0,15,8,2,92,13,20,0,0.11,0.05,0.16,0.11,0.16
237,Gabriel Jesus,br BRA,FW,Arsenal,28-356,1997,11,2,313,3.5,2,0,2,2,0,0,2,0,6,1,5,0,1,0,0,0.58,0,0.58,0.58,0.58
238,Igor Jesus,br BRA,FW,Nottingham Forest,25-028,2001,30,22,"1,800",20,3,3,6,3,0,0,0,0,33,33,10,8,1,11,0,0.15,0.15,0.3,0.15,0.3
239,Álex Jiménez,es ESP,"DF,MF",Bournemouth,20-321,2005,27,22,"1,958",21.8,1,0,1,1,0,0,9,0,26,16,0,41,25,38,0,0.05,0,0.05,0.05,0.05
240,Raúl Jiménez,mx MEX,FW,Fulham,34-324,1991,30,25,"1,974",21.9,9,3,12,5,4,4,5,0,41,29,19,5,7,17,0,0.41,0.14,0.55,0.23,0.36
241,Jamaldeen Jimoh,eng ENG,MF,Aston Villa,19-174,2006,1,0,9,0.1,0,0,0,0,0,0,0,0,0,1,0,0,0,0,0,0,0,0,0,0
242,João Pedro,br BRA,"FW,MF",Chelsea,24-180,2001,31,27,"2,311",25.7,14,5,19,14,0,0,4,0,32,46,14,14,5,15,0,0.55,0.19,0.74,0.55,0.74
243,Joelinton,br BRA,MF,Newcastle United,29-223,1996,24,20,"1,688",18.8,2,1,3,2,0,0,9,0,37,27,1,10,23,18,0,0.11,0.05,0.16,0.11,0.16
244,John,br BRA,GK,Nottingham Forest,30-040,1996,5,5,437,4.9,0,0,0,0,0,0,1,0,0,0,0,0,0,0,0,0,0,0,0,0
245,Brennan Johnson,wls WAL,"MF,FW",Tottenham Hotspur,24-306,2001,16,6,610,6.8,2,0,2,2,0,0,2,0,2,4,8,23,2,9,0,0.3,0,0.3,0.3,0.3
246,Brennan Johnson,wls WAL,MF,Crystal Palace,24-306,2001,11,7,626,7,0,1,1,0,0,0,3,0,11,5,3,27,1,4,0,0,0.14,0.14,0,0.14
247,Sam Johnstone,eng ENG,GK,Wolves,33-000,1993,12,12,"1,080",12,0,0,0,0,0,0,0,0,0,0,0,0,0,1,1,0,0,0,0,0
248,Curtis Jones,eng ENG,MF,Liverpool,25-054,2001,27,11,"1,356",15.1,0,1,1,0,0,0,1,0,10,20,0,8,8,16,0,0,0.07,0.07,0,0.07
249,Eli Junior Kroupi,fr FRA,"MF,FW",Bournemouth,19-275,2006,26,14,"1,158",12.9,9,0,9,8,1,1,3,0,15,8,4,8,8,6,0,0.7,0,0.7,0.62,0.62
250,Hamed Junior Traorè,ci CIV,MF,Bournemouth,26-037,2000,1,0,17,0.2,0,1,1,0,0,0,0,0,0,0,0,1,0,0,0,0,5.29,5.29,0,5.29
251,James Justin,eng ENG,"DF,MF",Leeds United,28-030,1998,22,14,"1,271",14.1,1,1,2,1,0,0,2,0,9,21,2,27,19,23,0,0.07,0.07,0.14,0.07,0.14
252,Filip Jørgensen,dk DEN,GK,Chelsea,23-343,2002,3,2,264,2.9,0,0,0,0,0,0,0,0,0,0,0,0,1,0,0,0,0,0,0,0
253,Ferdi Kadioglu,tr TUR,"DF,MF",Brighton,26-169,1999,30,27,"2,503",27.8,0,0,0,0,0,0,6,0,15,33,6,96,18,34,0,0,0,0,0,0
254,Sasa Kalajdzic,at AUT,"FW,MF",Wolves,28-261,1997,1,0,15,0.2,0,0,0,0,0,0,0,0,0,0,0,0,1,0,0,0,0,0,0,0
255,Arnaud Kalimuendo,fr FRA,FW,Nottingham Forest,24-064,2002,9,0,96,1.1,0,0,0,0,0,0,0,0,2,0,1,2,0,1,0,0,0,0,0,0
256,Daichi Kamada,jp JPN,MF,Crystal Palace,29-232,1996,20,17,"1,479",16.4,0,0,0,0,0,0,2,0,26,20,1,31,10,28,0,0,0,0,0,0
257,Boubacar Kamara,fr FRA,MF,Aston Villa,26-122,1999,18,17,"1,411",15.7,1,3,4,1,0,0,5,0,16,30,0,2,15,16,0,0.06,0.19,0.26,0.06,0.26
258,Mohamadou Kanté,fr FRA,MF,West Ham United,20-186,2005,8,0,37,0.4,0,0,0,0,0,0,1,0,1,0,0,0,0,3,0,0,0,0,0,0
259,Michael Kayode,it ITA,DF,Brentford,21-258,2004,30,30,"2,628",29.2,1,0,1,1,0,0,6,0,22,43,1,51,33,42,1,0.03,0,0.03,0.03,0.03
260,Michael Keane,eng ENG,DF,Everton,33-073,1993,27,24,"2,137",23.7,3,0,3,3,0,0,0,1,14,6,0,1,34,21,0,0.13,0,0.13,0.13,0.13
261,Caoimhín Kelleher,ie IRL,GK,Brentford,27-122,1998,30,30,"2,700",30,0,0,0,0,0,0,1,0,2,6,0,0,1,0,0,0,0,0,0,0
262,Milos Kerkez,hu HUN,DF,Liverpool,22-138,2003,28,25,"2,028",22.5,2,1,3,2,0,0,4,0,19,23,4,75,13,26,0,0.09,0.04,0.13,0.09,0.13
263,Kevin,br BRA,MF,Fulham,23-080,2003,23,8,908,10.1,1,1,2,1,0,0,1,0,12,15,2,40,9,8,0,0.1,0.1,0.2,0.1,0.2
264,Abdukodir Khusanov,uz UZB,DF,Manchester City,22-024,2004,15,9,892,9.9,0,0,0,0,0,0,2,0,8,5,0,0,19,15,0,0,0,0,0,0
265,Max Kilman,eng ENG,DF,West Ham United,28-306,1997,21,17,"1,561",17.3,0,0,0,0,0,0,4,0,16,2,0,2,6,8,0,0,0,0,0,0
266,Joshua King,eng ENG,MF,Fulham,19-081,2007,25,14,"1,139",12.7,1,2,3,1,0,0,3,0,11,23,2,11,2,10,0,0.08,0.16,0.24,0.08,0.24
267,Justin Kluivert,nl NED,MF,Bournemouth,26-324,1999,18,10,919,10.2,2,0,2,2,0,0,4,0,15,9,1,40,4,7,0,0.2,0,0.2,0.2,0.2
268,Joe Knight,eng ENG,MF,Brighton,20-185,2005,1,0,1,0,0,0,0,0,0,0,0,0,0,0,0,0,0,0,0,0,0,0,0,0
269,Randal Kolo Muani,fr FRA,"FW,MF",Tottenham Hotspur,27-110,1998,23,15,"1,231",13.7,1,1,2,1,0,0,2,0,33,12,1,7,2,14,0,0.07,0.07,0.15,0.07,0.15
270,Ibrahima Konaté,fr FRA,DF,Liverpool,26-304,1999,29,29,"2,480",27.6,1,0,1,1,0,0,6,0,30,32,0,3,22,27,0,0.04,0,0.04,0.04,0.04
271,Ezri Konsa,eng ENG,DF,Aston Villa,28-153,1997,30,30,"2,675",29.7,0,0,0,0,0,0,0,1,11,33,0,5,22,7,0,0,0,0,0,0
272,Charalampos Kostoulas,gr GRE,FW,Brighton,18-299,2007,16,2,305,3.4,2,1,3,2,0,0,2,0,6,7,2,5,1,6,0,0.59,0.3,0.89,0.59,0.89
273,Mateo Kovačić,hr CRO,MF,Manchester City,31-323,1994,1,0,5,0.1,0,0,0,0,0,0,0,0,0,0,0,0,0,0,0,0,0,0,0,0
274,Emil Krafth,se SWE,DF,Newcastle United,31-235,1994,1,1,45,0.5,0,0,0,0,0,0,0,0,1,0,0,1,0,0,0,0,0,0,0,0
275,Ladislav Krejčí,cz CZE,"DF,MF",Wolves,26-339,1999,24,23,"2,037",22.6,2,1,3,2,0,0,5,1,30,7,0,11,27,15,1,0.09,0.04,0.13,0.09,0.13
276,Mohammed Kudus,gh GHA,"MF,FW",Tottenham Hotspur,25-235,2000,19,19,"1,535",17.1,2,5,7,2,0,0,3,0,23,15,10,122,3,17,0,0.12,0.29,0.41,0.12,0.41
277,Jonah Kusi-Asare,se SWE,FW,Fulham,18-264,2007,5,0,34,0.4,0,0,0,0,0,0,1,0,3,1,0,0,0,0,0,0,0,0,0,0
278,Shea Lacey,eng ENG,FW,Manchester Utd,18-345,2007,2,0,14,0.2,0,0,0,0,0,0,0,0,0,0,0,0,0,0,0,0,0,0,0,0
279,Maxence Lacroix,fr FRA,DF,Crystal Palace,25-353,2000,28,28,"2,485",27.6,1,2,3,1,0,0,3,1,26,16,0,5,35,32,0,0.04,0.07,0.11,0.04,0.11
280,Senne Lammens,be BEL,GK,Manchester Utd,23-261,2002,25,25,"2,250",25,0,0,0,0,0,0,0,0,0,3,0,0,0,1,0,0,0,0,0,0
281,Jamaal Lascelles,eng ENG,DF,Newcastle United,32-134,1993,2,0,21,0.2,0,0,0,0,0,0,0,0,0,0,0,0,0,0,0,0,0,0,0,0
282,Josh Laurent,eng ENG,"DF,MF",Burnley,30-323,1995,28,16,"1,585",17.6,1,0,1,1,0,0,7,1,25,10,2,14,24,20,0,0.06,0,0.06,0.06,0.06
283,Roméo Lavia,be BEL,MF,Chelsea,22-078,2004,8,2,226,2.5,0,0,0,0,0,0,0,0,6,4,0,1,5,3,0,0,0,0,0,0
284,Enzo Le Fée,fr FRA,"MF,FW",Sunderland,26-050,2000,29,26,"2,301",25.6,4,4,8,1,3,4,5,0,26,26,3,73,23,43,0,0.16,0.16,0.31,0.04,0.2
285,Bernd Leno,de GER,GK,Fulham,34-021,1992,31,31,"2,790",31,0,0,0,0,0,0,3,0,0,5,0,0,1,1,1,0,0,0,0,0
286,Jefferson Lerma,co COL,"MF,DF",Crystal Palace,31-151,1994,24,13,"1,255",13.9,0,2,2,0,0,0,6,0,19,14,0,9,16,14,1,0,0.14,0.14,0,0.14
287,Rico Lewis,eng ENG,DF,Manchester City,21-124,2004,10,3,317,3.5,0,1,1,0,0,0,1,0,4,7,0,2,7,4,0,0,0.28,0.28,0,0.28
288,Keane Lewis-Potter,eng ENG,"MF,DF",Brentford,25-031,2001,29,15,"1,345",14.9,3,2,5,3,0,0,1,0,12,25,3,42,7,10,0,0.2,0.13,0.33,0.2,0.33
289,Myles Lewis-Skelly,eng ENG,DF,Arsenal,19-180,2006,14,1,321,3.6,0,0,0,0,0,0,3,0,6,6,0,0,2,3,0,0,0,0,0,0
290,Matthijs de Ligt,nl NED,DF,Manchester Utd,26-225,1999,13,13,"1,170",13,1,0,1,1,0,0,0,0,6,5,0,4,11,13,0,0.08,0,0.08,0.08,0.08
291,Pedro Lima,br BRA,DF,Wolves,19-267,2006,3,0,4,0,0,0,0,0,0,0,0,0,0,0,0,1,0,0,0,0,0,0,0,0
292,Victor Lindelöf,se SWE,DF,Aston Villa,31-251,1994,12,6,578,6.4,0,1,1,0,0,0,0,0,1,0,0,0,4,1,0,0,0.16,0.16,0,0.16
293,Valentino Livramento,eng ENG,DF,Newcastle United,23-133,2002,15,12,"1,165",12.9,0,1,1,0,0,0,1,0,7,13,2,30,2,14,0,0,0.08,0.08,0,0.08
294,Sean Longstaff,eng ENG,MF,Leeds United,28-146,1997,17,10,947,10.5,1,2,3,1,0,0,2,0,10,17,1,50,10,23,0,0.1,0.19,0.29,0.1,0.29
295,Fer López,es ESP,MF,Wolves,21-305,2004,9,2,235,2.6,0,1,1,0,0,0,1,0,6,4,0,4,0,1,0,0,0.38,0.38,0,0.38
296,Lucas,br BRA,"MF,DF",Burnley,25-001,2001,15,12,"1,104",12.3,0,0,0,0,0,0,0,1,11,3,4,47,13,19,0,0,0,0,0,0
297,Lorenzo Lucca,it ITA,FW,Nottingham Forest,25-196,2000,3,1,121,1.3,1,0,1,1,0,0,0,0,1,2,1,0,1,0,0,0.74,0,0.74,0.74,0.74
298,Florentino Luís,pt POR,MF,Burnley,26-218,1999,24,20,"1,654",18.4,0,2,2,0,0,0,4,0,31,7,1,9,29,40,0,0,0.11,0.11,0,0.11
299,Douglas Luiz,br BRA,MF,Aston Villa,27-320,1998,8,6,489,5.4,1,0,1,1,0,0,0,0,8,7,0,27,4,9,0,0.18,0,0.18,0.18,0.18
300,Douglas Luiz,br BRA,MF,Nottingham Forest,27-320,1998,8,5,315,3.5,0,0,0,0,0,0,2,0,4,5,0,15,7,3,0,0,0,0,0,0
301,Saša Lukić,rs SRB,MF,Fulham,29-224,1996,20,15,"1,239",13.8,1,2,3,1,0,0,6,0,38,20,0,47,9,21,0,0.07,0.15,0.22,0.07,0.22
302,Ian Maatsen,nl NED,DF,Aston Villa,24-015,2002,24,13,"1,264",14,0,0,0,0,0,0,2,0,11,15,1,46,13,27,0,0,0,0,0,0
303,Alexis Mac Allister,ar ARG,MF,Liverpool,27-091,1998,30,26,"2,179",24.2,2,2,4,2,0,0,5,0,23,27,0,19,16,22,0,0.08,0.08,0.17,0.08,0.17
304,Noni Madueke,eng ENG,"FW,MF",Arsenal,24-015,2002,20,12,895,9.9,2,1,3,2,0,0,0,0,12,10,2,63,4,9,0,0.2,0.1,0.3,0.2,0.3
305,Gabriel Magalhães,br BRA,DF,Arsenal,28-096,1997,25,24,"2,166",24.1,3,4,7,3,0,0,3,0,14,27,0,6,18,16,0,0.12,0.17,0.29,0.12,0.29
306,Soungoutou Magassa,fr FRA,MF,West Ham United,22-168,2003,20,11,972,10.8,1,0,1,1,0,0,4,0,17,17,0,9,17,23,0,0.09,0,0.09,0.09,0.09
307,Harry Maguire,eng ENG,DF,Manchester Utd,33-020,1993,18,14,"1,203",13.4,1,1,2,1,0,0,3,1,13,14,0,2,9,9,0,0.07,0.07,0.15,0.07,0.15
308,Kobbie Mainoo,eng ENG,MF,Manchester Utd,20-340,2005,22,10,"1,122",12.5,0,2,2,0,0,0,0,0,7,16,1,12,7,11,0,0,0.16,0.16,0,0.16
309,Tyrell Malacia,nl NED,DF,Manchester Utd,26-220,1999,2,0,9,0.1,0,0,0,0,0,0,0,0,0,0,0,0,0,0,0,0,0,0,0,0
310,Donyell Malen,nl NED,"FW,MF",Aston Villa,27-075,1999,21,5,656,7.3,4,1,5,4,0,0,0,0,2,6,1,7,0,2,0,0.55,0.14,0.69,0.55,0.69
311,Giorgi Mamardashvili,ge GEO,GK,Liverpool,25-177,2000,6,6,540,6,0,0,0,0,0,0,0,0,1,1,0,0,0,0,0,0,0,0,0,0
312,Reinildo Mandava,mz MOZ,DF,Sunderland,32-063,1994,18,17,"1,428",15.9,0,1,1,0,0,0,7,1,26,28,1,18,22,15,0,0,0.06,0.06,0,0.06
313,Mateus Mane,pt POR,MF,Wolves,18-190,2007,20,14,"1,286",14.3,2,1,3,2,0,0,0,0,21,36,1,52,3,8,0,0.14,0.07,0.21,0.14,0.21
314,Bendito Mantato,eng ENG,MF,Manchester Utd,18-059,2008,1,0,16,0.2,0,0,0,0,0,0,0,0,0,0,0,1,0,0,0,0,0,0,0,0
315,Solly March,eng ENG,MF,Brighton,31-248,1994,1,0,5,0.1,0,0,0,0,0,0,0,0,0,1,0,0,0,0,0,0,0,0,0,0
316,Omar Marmoush,eg EGY,"FW,MF",Manchester City,27-046,1999,17,7,572,6.4,1,3,4,1,0,0,2,0,10,18,6,12,2,7,0,0.16,0.47,0.63,0.16,0.63
317,Callum Marshall,nir NIR,FW,West Ham United,21-117,2004,2,0,60,0.7,0,0,0,0,0,0,0,0,0,0,1,0,2,0,0,0,0,0,0,0
318,Gabriel Martinelli,br BRA,"FW,MF",Arsenal,24-280,2001,25,9,854,9.5,1,3,4,1,0,0,2,0,7,13,5,30,0,7,0,0.11,0.32,0.42,0.11,0.42
319,Emiliano Martínez,ar ARG,GK,Aston Villa,33-204,1992,27,27,"2,385",26.5,0,0,0,0,0,0,2,0,0,16,0,0,0,0,0,0,0,0,0,0
320,Lisandro Martínez,ar ARG,DF,Manchester Utd,28-066,1998,14,9,908,10.1,0,0,0,0,0,0,0,0,8,2,0,2,10,7,1,0,0,0,0,0
321,Arthur Masuaku,cd COD,DF,Sunderland,32-138,1993,3,2,126,1.4,0,0,0,0,0,0,1,0,3,0,0,8,2,2,0,0,0,0,0,0
322,Pape Matar Sarr,sn SEN,MF,Tottenham Hotspur,23-192,2002,22,13,"1,327",14.7,2,3,5,2,0,0,2,0,26,13,3,7,13,21,0,0.14,0.2,0.34,0.14,0.34
323,Jean-Philippe Mateta,fr FRA,FW,Crystal Palace,28-270,1997,24,23,"1,935",21.5,8,0,8,5,3,3,2,0,17,15,16,8,5,3,0,0.37,0,0.37,0.23,0.23
324,Konstantinos Mavropanos,gr GRE,DF,West Ham United,28-104,1997,24,20,"1,904",21.2,1,0,1,1,0,0,2,0,9,8,1,3,37,19,1,0.05,0,0.05,0.05,0.05
325,Eliezer Mayenda,es ESP,"FW,MF",Sunderland,20-321,2005,19,8,758,8.4,2,0,2,2,0,0,0,0,6,11,3,1,1,3,0,0.24,0,0.24,0.24,0.24
326,Ezra Mayers,bb BRB,DF,West Ham United,19-068,2007,6,0,117,1.3,0,0,0,0,0,0,0,0,0,0,0,3,1,0,0,0,0,0,0,0
327,Noussair Mazraoui,ma MAR,"MF,DF",Manchester Utd,28-131,1997,15,7,618,6.9,0,0,0,0,0,0,3,0,8,9,0,12,6,8,0,0,0,0,0,0
328,Bryan Mbeumo,cm CMR,"MF,FW",Manchester Utd,26-230,1999,26,26,"2,187",24.3,9,3,12,9,0,0,4,0,20,26,7,88,6,10,0,0.37,0.12,0.49,0.37,0.49
329,James Mcatee,eng ENG,MF,Nottingham Forest,23-158,2002,10,1,180,2,0,0,0,0,0,0,1,0,4,3,1,8,1,3,0,0,0,0,0,0
330,John McGinn,sct SCO,MF,Aston Villa,31-158,1994,24,23,"1,717",19.1,4,2,6,4,0,0,3,0,25,41,0,62,11,16,0,0.21,0.1,0.31,0.21,0.31
331,Dwight McNeil,eng ENG,MF,Everton,26-123,1999,18,11,949,10.5,0,1,1,0,0,0,1,0,10,6,1,30,6,12,0,0,0.09,0.09,0,0.09
332,Hannibal Mejbri,tn TUN,MF,Burnley,23-063,2003,23,12,990,11,1,3,4,1,0,0,7,0,17,36,3,25,7,13,0,0.09,0.27,0.36,0.09,0.36
333,Mikel Merino,es ESP,"MF,FW",Arsenal,29-276,1996,21,10,"1,007",11.2,4,3,7,4,0,0,1,0,21,20,3,4,9,13,0,0.36,0.27,0.63,0.36,0.63
334,Antoni Milambo,nl NED,MF,Brentford,20-356,2005,1,1,45,0.5,0,0,0,0,0,0,0,0,0,0,0,0,0,1,0,0,0,0,0,0
335,Nikola Milenković,rs SRB,DF,Nottingham Forest,28-164,1997,31,31,"2,790",31,0,0,0,0,0,0,6,0,13,18,1,2,26,15,1,0,0,0,0,0
336,Lewis Miley,eng ENG,"MF,DF",Newcastle United,19-328,2006,19,11,"1,136",12.6,1,3,4,1,0,0,0,0,4,4,2,33,17,15,0,0.08,0.24,0.32,0.08,0.32
337,James Milner,eng ENG,MF,Brighton,40-080,1986,19,6,726,8.1,1,1,2,0,1,1,2,0,11,3,1,14,5,9,0,0.12,0.12,0.25,0,0.12
338,Veljko Milosavljević,rs SRB,DF,Bournemouth,18-270,2007,7,4,368,4.1,0,0,0,0,0,0,0,0,0,0,0,0,4,4,0,0,0,0,0,0
339,Tyrone Mings,eng ENG,DF,Aston Villa,33-012,1993,13,11,964,10.7,0,0,0,0,0,0,0,0,5,5,0,3,8,2,0,0,0,0,0,0
340,Yankuba Minteh,gm GAM,MF,Brighton,21-246,2004,27,20,"1,832",20.4,2,4,6,2,0,0,2,0,22,19,10,101,11,27,0,0.1,0.2,0.29,0.1,0.29
341,Tyrick Mitchell,eng ENG,MF,Crystal Palace,26-205,1999,30,30,"2,667",29.6,1,1,2,1,0,0,5,0,19,21,5,85,28,52,0,0.03,0.03,0.07,0.03,0.07
342,Kaoru Mitoma,jp JPN,"MF,FW",Brighton,28-309,1997,20,16,"1,426",15.8,2,1,3,2,0,0,3,0,24,16,4,36,8,7,0,0.13,0.06,0.19,0.13,0.19
343,Morato,br BRA,DF,Nottingham Forest,24-268,2001,15,10,941,10.5,0,0,0,0,0,0,4,0,11,7,1,1,8,16,0,0,0,0,0,0
344,Cristhian Mosquera,es ESP,DF,Arsenal,21-271,2004,14,6,673,7.5,0,0,0,0,0,0,2,0,8,3,1,0,8,16,0,0,0,0,0,0
345,Yerson Mosquera,co COL,DF,Wolves,24-327,2001,22,19,"1,706",19,0,0,0,0,0,0,10,0,25,35,1,17,16,31,2,0,0,0,0,0
346,Mason Mount,eng ENG,MF,Manchester Utd,27-074,1999,18,10,817,9.1,3,0,3,3,0,0,0,0,13,9,0,18,3,8,0,0.33,0,0.33,0.33,0.33
347,Divine Mukasa,eng ENG,MF,Manchester City,18-215,2007,2,0,27,0.3,0,0,0,0,0,0,0,0,1,0,0,0,0,0,0,0,0,0,0,0
348,Nordi Mukiele,fr FRA,DF,Sunderland,28-144,1997,25,25,"2,163",24,1,3,4,1,0,0,4,0,23,20,2,58,29,36,1,0.04,0.12,0.17,0.04,0.17
349,Romaine Mundle,eng ENG,MF,Sunderland,22-335,2003,14,2,411,4.6,0,0,0,0,0,0,1,0,7,8,0,11,1,4,0,0,0,0,0,0
350,Marshall Munetsi,zw ZIM,"MF,FW",Wolves,29-276,1996,13,9,875,9.7,1,1,2,1,0,0,2,0,19,10,4,14,5,13,0,0.1,0.1,0.21,0.1,0.21
351,Rodrigo Muniz,br BRA,FW,Fulham,24-325,2001,14,5,585,6.5,1,1,2,1,0,0,1,0,11,10,3,1,2,1,1,0.15,0.15,0.31,0.15,0.31
352,Daniel Muñoz,co COL,MF,Crystal Palace,29-303,1996,21,21,"1,778",19.8,3,2,5,3,0,0,5,0,24,13,6,48,20,31,0,0.15,0.1,0.25,0.15,0.25
353,Murillo,br BRA,DF,Nottingham Forest,23-264,2002,23,23,"1,999",22.2,1,0,1,1,0,0,4,0,19,7,0,2,26,23,1,0.05,0,0.05,0.05,0.05
354,Alex Murphy,ie IRL,DF,Newcastle United,21-273,2004,1,0,2,0,0,0,0,0,0,0,0,0,0,0,0,0,0,0,0,0,0,0,0,0
355,Jacob Murphy,eng ENG,"FW,MF",Newcastle United,31-029,1995,26,14,"1,246",13.8,3,1,4,3,0,0,1,0,5,7,5,103,2,10,0,0.22,0.07,0.29,0.22,0.29
356,Vitaliy Mykolenko,ua UKR,DF,Everton,26-300,1999,26,26,"2,328",25.9,0,1,1,0,0,0,5,0,25,22,0,74,24,18,1,0,0.04,0.04,0,0.04
357,David Møller Wolfe,no NOR,"MF,DF",Wolves,23-336,2002,18,9,846,9.4,0,2,2,0,0,0,1,0,7,4,0,26,6,5,0,0,0.21,0.21,0,0.21
358,Iliman Ndiaye,sn SEN,MF,Everton,26-019,2000,25,25,"2,148",23.9,6,3,9,4,2,2,2,0,26,32,9,43,13,33,0,0.25,0.13,0.38,0.17,0.29
359,Dan Ndoye,ch SUI,MF,Nottingham Forest,25-151,2000,23,14,"1,171",13,1,1,2,1,0,0,1,0,16,22,9,41,10,11,0,0.08,0.08,0.15,0.08,0.15
360,Dan Neil,eng ENG,MF,Sunderland,24-102,2001,3,0,14,0.2,0,0,0,0,0,0,0,0,0,1,0,0,1,0,0,0,0,0,0,0
361,Reiss Nelson,eng ENG,"FW,MF",Brentford,26-105,1999,7,0,61,0.7,0,0,0,0,0,0,0,0,0,2,0,1,0,1,0,0,0,0,0,0
362,Pedro Neto,pt POR,MF,Chelsea,26-016,2000,29,25,"2,209",24.5,5,4,9,5,0,0,4,1,11,20,5,159,6,9,0,0.2,0.16,0.37,0.2,0.37
363,Luca Netz,de GER,"DF,MF",Nottingham Forest,22-314,2003,2,0,50,0.6,0,0,0,0,0,0,0,0,0,0,0,2,0,0,0,0,0,0,0,0
364,Rio Ngumoha,eng ENG,MF,Liverpool,17-208,2008,13,1,229,2.5,1,0,1,1,0,0,0,0,2,5,0,13,1,1,0,0.39,0,0.39,0.39,0.39
365,Eddie Nketiah,eng ENG,MF,Crystal Palace,26-299,1999,12,2,424,4.7,2,0,2,2,0,0,2,0,7,7,3,0,2,6,0,0.42,0,0.42,0.42,0.42
366,Lukas Nmecha,de GER,FW,Leeds United,27-101,1998,25,9,880,9.8,6,1,7,4,2,3,0,0,16,14,2,7,3,5,0,0.61,0.1,0.72,0.41,0.51
367,Matheus Nunes,pt POR,DF,Manchester City,27-210,1998,27,25,"2,265",25.2,1,4,5,1,0,0,4,0,13,25,4,52,24,35,0,0.04,0.16,0.2,0.04,0.2
368,Ethan Nwaneri,eng ENG,MF,Arsenal,19-004,2007,6,0,171,1.9,0,0,0,0,0,0,0,0,2,0,0,2,0,0,0,0,0,0,0,0
369,Trey Nyoni,eng ENG,MF,Liverpool,18-268,2007,4,0,15,0.2,0,0,0,0,0,0,0,0,0,0,1,0,0,0,0,0,0,0,0,0
370,Christian Nørgaard,dk DEN,MF,Arsenal,32-015,1994,6,0,61,0.7,0,0,0,0,0,0,0,0,1,0,0,0,0,0,0,0,0,0,0,0
371,Jake O'Brien,ie IRL,DF,Everton,24-314,2001,30,28,"2,548",28.3,0,1,1,0,0,0,2,1,15,11,3,42,11,29,0,0,0.04,0.04,0,0.04
372,Luke O'Nien,eng ENG,DF,Sunderland,31-124,1994,8,2,231,2.6,0,0,0,0,0,0,1,1,5,4,0,6,3,2,0,0,0,0,0,0
373,Matt O'Riley,dk DEN,MF,Brighton,25-124,2000,4,2,187,2.1,1,0,1,0,1,1,0,0,2,1,1,6,0,2,0,0.48,0,0.48,0,0
374,Wilson Odobert,fr FRA,"MF,FW",Tottenham Hotspur,21-117,2004,24,10,985,10.9,0,2,2,0,0,0,0,0,2,10,2,28,0,8,0,0,0.18,0.18,0,0.18
375,Noah Okafor,ch SUI,"FW,MF",Leeds United,25-305,2000,24,15,"1,295",14.4,4,0,4,4,0,0,3,0,16,13,0,31,10,13,0,0.28,0,0.28,0.28,0.28
376,Callum Olusesi,eng ENG,MF,Tottenham Hotspur,19-067,2007,1,0,15,0.2,0,0,0,0,0,0,0,0,0,0,0,0,0,0,0,0,0,0,0,0
377,Amadou Onana,be BEL,MF,Aston Villa,24-221,2001,22,19,"1,560",17.3,2,0,2,2,0,0,2,0,17,23,0,0,17,27,0,0.12,0,0.12,0.12,0.12
378,Frank Onyeka,ng NGA,MF,Brentford,28-083,1998,6,0,92,1,0,1,1,0,0,0,0,0,3,3,0,0,0,0,0,0,0.98,0.98,0,0.98
379,Nehemiah Oriola,eng ENG,MF,Brighton,18-287,2007,1,0,1,0,0,0,0,0,0,0,0,0,0,0,0,0,0,0,0,0,0,0,0,0
380,Stefan Ortega,de GER,GK,Nottingham Forest,33-139,1992,3,3,270,3,0,0,0,0,0,0,0,0,0,0,0,0,0,0,0,0,0,0,0,0
381,William Osula,dk DEN,FW,Newcastle United,22-233,2003,17,1,295,3.3,2,0,2,2,0,0,0,0,13,3,0,1,1,1,0,0.61,0,0.61,0.61,0.61
382,Dango Ouattara,bf BFA,MF,Brentford,24-042,2002,25,19,"1,714",19,5,3,8,5,0,0,4,0,21,31,7,73,20,11,0,0.26,0.16,0.42,0.26,0.42
383,Nico O’Reilly,eng ENG,"DF,MF",Manchester City,21-004,2005,28,23,"2,133",23.7,4,3,7,4,0,0,4,0,33,13,1,32,17,32,0,0.17,0.13,0.3,0.17,0.3
384,Pablo,br BRA,"MF,FW",West Ham United,22-082,2004,7,5,405,4.5,0,0,0,0,0,0,0,0,12,5,0,0,5,6,0,0,0,0,0,0
385,João Palhinha,pt POR,"MF,DF",Tottenham Hotspur,30-259,1995,26,19,"1,779",19.8,3,2,5,3,0,0,6,0,21,26,0,4,22,53,0,0.15,0.1,0.25,0.15,0.25
386,Cole Palmer,eng ENG,"MF,FW",Chelsea,23-323,2002,20,18,"1,417",15.7,9,1,10,4,5,5,4,0,12,25,1,26,12,11,0,0.57,0.06,0.64,0.25,0.32
387,Lucas Paquetá,br BRA,"MF,FW",West Ham United,28-210,1997,18,18,"1,511",16.8,4,1,5,2,2,2,7,1,27,30,5,36,7,22,0,0.24,0.06,0.3,0.12,0.18
388,Nathan Patterson,sct SCO,DF,Everton,24-160,2001,6,3,240,2.7,0,0,0,0,0,0,0,0,2,2,1,6,2,4,0,0,0,0,0,0
389,Myles Peart-Harris,eng ENG,MF,Brentford,23-188,2002,1,0,1,0,0,0,0,0,0,0,0,0,1,0,0,0,0,0,0,0,0,0,0,0
390,Lucas Perri,br BRA,GK,Leeds United,28-105,1997,16,16,"1,440",16,0,0,0,0,0,0,2,0,1,3,0,0,0,0,0,0,0,0,0,0
391,Đorđe Petrović,rs SRB,GK,Bournemouth,26-168,1999,31,31,"2,790",31,0,0,0,0,0,0,2,0,0,2,0,0,0,0,1,0,0,0,0,0
392,Jordan Pickford,eng ENG,GK,Everton,32-018,1994,31,31,"2,790",31,0,0,0,0,0,0,2,0,0,6,0,0,0,1,0,0,0,0,0,0
393,Ethan Pinnock,jm JAM,DF,Brentford,32-300,1993,4,4,318,3.5,0,0,0,0,0,0,1,0,0,2,0,0,5,5,1,0,0,0,0,0
394,Yeremi Pino,es ESP,MF,Crystal Palace,23-156,2002,27,21,"1,721",19.1,2,1,3,2,0,0,4,0,25,21,8,65,6,17,0,0.1,0.05,0.16,0.1,0.16
395,Joël Piroe,nl NED,FW,Leeds United,26-235,1999,13,2,226,2.5,0,0,0,0,0,0,0,0,3,0,1,4,1,1,0,0,0,0,0,0
396,Nick Pope,eng ENG,GK,Newcastle United,33-340,1992,22,22,"1,966",21.8,0,0,0,0,0,0,1,0,0,2,0,0,0,1,0,0,0,0,0,0
397,Pedro Porro,es ESP,DF,Tottenham Hotspur,26-193,1999,27,25,"2,166",24.1,0,2,2,0,0,0,6,0,26,21,1,179,18,34,0,0,0.08,0.08,0,0.08
398,Freddie Potts,eng ENG,MF,West Ham United,22-194,2003,20,12,"1,146",12.7,0,1,1,0,0,0,1,0,15,14,0,34,15,18,0,0,0.08,0.08,0,0.08
399,Aaron Ramsdale,eng ENG,GK,Newcastle United,27-315,1998,10,9,824,9.2,0,0,0,0,0,0,1,0,0,1,0,0,0,0,0,0,0,0,0,0
400,Jacob Ramsey,eng ENG,MF,Newcastle United,24-301,2001,21,11,"1,081",12,2,1,3,2,0,0,5,1,15,13,2,7,8,11,0,0.17,0.08,0.25,0.17,0.25
401,David Raya,es ESP,GK,Arsenal,30-191,1995,31,31,"2,790",31,0,0,0,0,0,0,1,0,0,9,0,1,1,1,0,0,0,0,0,0
402,Harrison Reed,eng ENG,MF,Fulham,31-057,1995,6,0,31,0.3,1,0,1,1,0,0,0,0,0,1,0,3,0,0,0,2.9,0,2.9,2.9,2.9
403,Tijjani Reijnders,nl NED,MF,Manchester City,27-239,1998,26,17,"1,496",16.6,5,2,7,5,0,0,2,0,18,15,4,37,11,4,0,0.3,0.12,0.42,0.3,0.42
404,Chadi Riad,ma MAR,DF,Crystal Palace,22-281,2003,6,3,314,3.5,0,1,1,0,0,0,2,0,4,2,0,6,1,3,0,0,0.29,0.29,0,0.29
405,Declan Rice,eng ENG,MF,Arsenal,27-070,1999,30,29,"2,581",28.7,4,5,9,4,0,0,2,0,20,8,1,145,27,29,0,0.14,0.17,0.31,0.14,0.31
406,Chris Richards,us USA,DF,Crystal Palace,25-362,2000,26,26,"2,332",25.9,1,0,1,1,0,0,3,0,13,3,0,11,40,31,0,0.04,0,0.04,0.04,0.04
407,Richarlison,br BRA,FW,Tottenham Hotspur,28-319,1997,26,15,"1,511",16.8,9,3,12,9,0,0,5,0,18,28,8,15,6,14,0,0.54,0.18,0.71,0.54,0.71
408,Chris Rigg,eng ENG,MF,Sunderland,18-280,2007,13,8,558,6.2,0,0,0,0,0,0,0,0,6,8,1,8,3,8,0,0,0,0,0,0
409,Patrick Roberts,eng ENG,"FW,MF",Sunderland,29-048,1997,1,0,28,0.3,0,0,0,0,0,0,0,0,0,0,0,0,0,0,0,0,0,0,0,0
410,Andrew Robertson,sct SCO,DF,Liverpool,32-014,1994,19,6,775,8.6,0,0,0,0,0,0,0,0,4,0,5,36,6,9,0,0,0,0,0,0
411,Antonee Robinson,us USA,"DF,MF",Fulham,28-229,1997,15,12,"1,044",11.6,0,0,0,0,0,0,3,0,10,5,2,61,17,18,0,0,0,0,0,0
412,Kaden Rodney,eng ENG,"DF,MF",Crystal Palace,21-169,2004,1,0,4,0,0,0,0,0,0,0,0,0,1,0,0,0,0,0,0,0,0,0,0,0
413,Joe Rodon,wls WAL,DF,Leeds United,28-154,1997,29,29,"2,545",28.3,2,0,2,2,0,0,1,0,12,17,1,5,28,16,0,0.07,0,0.07,0.07,0.07
414,Rodri,es ESP,MF,Manchester City,29-276,1996,18,14,"1,244",13.8,1,0,1,1,0,0,2,0,10,26,0,4,11,22,0,0.07,0,0.07,0.07,0.07
415,Guido Rodríguez,ar ARG,MF,West Ham United,31-347,1994,6,2,180,2,0,0,0,0,0,0,1,0,2,4,0,2,2,0,0,0,0,0,0,0
416,Robin Roefs,nl NED,GK,Sunderland,23-067,2003,28,28,"2,520",28,0,0,0,0,0,0,3,0,0,11,0,0,0,0,0,0,0,0,0,0
417,Morgan Rogers,eng ENG,MF,Aston Villa,23-242,2002,31,31,"2,753",30.6,8,5,13,8,0,0,6,0,38,40,3,44,11,18,0,0.26,0.16,0.42,0.26,0.42
418,Merlin Röhl,de GER,MF,Everton,23-263,2002,12,2,366,4.1,0,0,0,0,0,0,0,0,9,3,1,4,2,10,0,0,0,0,0,0
419,Cristian Romero,ar ARG,DF,Tottenham Hotspur,27-332,1998,22,21,"1,799",20,4,1,5,4,0,0,10,2,29,14,1,1,29,28,0,0.2,0.05,0.25,0.2,0.25
420,James Rowswell,eng ENG,DF,Tottenham Hotspur,19-255,2006,1,0,1,0,0,0,0,0,0,0,0,0,0,0,0,0,0,0,0,0,0,0,0,0
421,Georginio Rutter,fr FRA,"MF,FW",Brighton,23-339,2002,25,19,"1,603",17.8,2,2,4,2,0,0,2,0,27,32,10,14,10,15,1,0.11,0.11,0.22,0.11,0.22
422,José Sá,pt POR,GK,Wolves,33-067,1993,19,19,"1,710",19,0,0,0,0,0,0,2,0,0,6,0,0,0,0,0,0,0,0,0,0
423,Noah Sadiki,cd COD,MF,Sunderland,21-098,2004,26,26,"2,292",25.5,0,0,0,0,0,0,7,0,23,30,1,17,28,21,0,0,0,0,0,0
424,Bukayo Saka,eng ENG,"FW,MF",Arsenal,24-201,2001,27,22,"1,998",22.2,6,3,9,5,1,1,1,0,28,51,14,111,14,15,0,0.27,0.14,0.41,0.23,0.36
425,Mohamed Salah,eg EGY,"MF,FW",Liverpool,33-283,1992,22,19,"1,819",20.2,5,6,11,4,1,1,1,0,10,16,12,98,3,8,0,0.25,0.3,0.54,0.2,0.49
426,William Saliba,fr FRA,DF,Arsenal,25-001,2001,25,24,"2,074",23,1,0,1,1,0,0,1,0,17,15,1,9,13,17,0,0.04,0,0.04,0.04,0.04
427,Robert Sánchez,es ESP,GK,Chelsea,28-127,1997,29,29,"2,524",28,0,1,1,0,0,0,3,1,2,10,0,0,1,0,0,0,0.04,0.04,0,0.04
428,Jadon Sancho,eng ENG,MF,Aston Villa,26-000,2000,19,8,763,8.5,0,2,2,0,0,0,0,0,3,2,2,21,2,2,0,0,0.24,0.24,0,0.24
429,Ibrahim Sangaré,ci CIV,MF,Nottingham Forest,28-113,1997,23,21,"1,765",19.6,2,2,4,2,0,0,5,0,35,14,0,8,17,25,0,0.1,0.1,0.2,0.1,0.2
430,Andrey Santos,br BRA,MF,Chelsea,21-326,2004,23,10,"1,009",11.2,0,0,0,0,0,0,4,0,11,19,1,1,17,13,0,0,0,0,0,0
431,Ismaila Sarr,sn SEN,"MF,FW",Crystal Palace,28-028,1998,20,20,"1,725",19.2,7,1,8,5,2,2,2,0,11,35,12,16,7,9,0,0.37,0.05,0.42,0.26,0.31
432,Mamadou Sarr,sn SEN,DF,Chelsea,20-208,2005,2,1,92,1,0,0,0,0,0,0,0,0,0,0,0,0,1,0,0,0,0,0,0,0
433,Sávio,br BRA,MF,Manchester City,21-349,2004,17,5,573,6.4,0,1,1,0,0,0,2,0,8,10,4,28,5,3,0,0,0.16,0.16,0,0.16
434,Nicolò Savona,it ITA,DF,Nottingham Forest,23-006,2003,14,11,"1,028",11.4,2,0,2,2,0,0,2,0,12,5,1,27,5,12,0,0.18,0,0.18,0.18,0.18
435,Oliver Scarles,eng ENG,"DF,MF",West Ham United,20-103,2005,12,9,656,7.3,0,0,0,0,0,0,1,0,6,7,1,35,13,18,0,0,0,0,0,0
436,Dane Scarlett,eng ENG,FW,Tottenham Hotspur,22-001,2004,2,0,9,0.1,0,0,0,0,0,0,0,0,1,0,0,0,0,0,0,0,0,0,0,0
437,Kevin Schade,de GER,"MF,FW",Brentford,24-118,2001,28,26,"2,206",24.5,7,3,10,7,0,1,6,1,39,36,9,18,19,21,0,0.29,0.12,0.41,0.29,0.41
438,Fabian Schär,ch SUI,DF,Newcastle United,34-095,1991,16,11,"1,091",12.1,0,0,0,0,0,0,1,0,15,7,1,4,16,9,0,0,0,0,0,0
439,Alex Scott,eng ENG,MF,Bournemouth,22-216,2003,31,28,"2,310",25.7,2,1,3,2,0,0,3,0,35,52,1,66,30,31,0,0.08,0.04,0.12,0.08,0.12
440,Jenson Seelt,nl NED,DF,Sunderland,22-306,2003,2,1,134,1.5,0,0,0,0,0,0,0,0,1,1,0,1,0,0,0,0,0,0,0,0
441,Matz Sels,be BEL,GK,Nottingham Forest,34-027,1992,24,23,"2,038",22.6,0,0,0,0,0,0,2,0,0,3,0,0,0,1,0,0,0,0,0,0
442,Antoine Semenyo,gh GHA,"MF,FW",Manchester City,26-077,2000,9,9,789,8.8,5,1,6,5,0,0,0,0,12,5,6,11,2,8,0,0.57,0.11,0.68,0.57,0.68
443,Antoine Semenyo,gh GHA,MF,Bournemouth,26-077,2000,20,20,"1,798",20,10,3,13,9,1,2,6,0,37,14,12,28,6,20,0,0.5,0.15,0.65,0.45,0.6
444,Marcos Senesi,ar ARG,DF,Bournemouth,28-319,1997,30,30,"2,658",29.5,0,4,4,0,0,0,8,0,27,28,1,25,42,29,0,0,0.14,0.14,0,0.14
445,Benjamin Šeško,si SVN,FW,Manchester Utd,22-298,2003,26,13,"1,342",14.9,9,1,10,9,0,0,2,0,15,4,5,2,3,3,0,0.6,0.07,0.67,0.6,0.67
446,Ryan Sessegnon,eng ENG,"DF,MF",Fulham,25-311,2000,24,18,"1,641",18.2,2,1,3,2,0,0,0,0,31,3,3,45,20,25,0,0.11,0.05,0.16,0.11,0.16
447,Luke Shaw,eng ENG,DF,Manchester Utd,30-256,1995,31,31,"2,615",29.1,0,1,1,0,0,0,5,0,37,11,0,46,32,34,0,0,0.03,0.03,0,0.03
448,Bernardo Silva,pt POR,MF,Manchester City,31-227,1994,30,26,"2,245",24.9,2,4,6,2,0,0,9,0,34,19,5,51,15,14,0,0.08,0.16,0.24,0.08,0.24
449,Jota Silva,pt POR,FW,Nottingham Forest,26-236,1999,1,0,12,0.1,0,0,0,0,0,0,0,0,0,1,0,1,0,1,0,0,0,0,0,0
450,Xavi Simons,nl NED,"MF,FW",Tottenham Hotspur,22-338,2003,25,17,"1,597",17.7,1,4,5,1,0,0,4,1,19,39,0,50,15,19,0,0.06,0.23,0.28,0.06,0.28
451,Adam Smith,eng ENG,DF,Bournemouth,34-330,1991,18,11,808,9,0,1,1,0,0,0,3,0,14,7,0,10,7,10,0,0,0.11,0.11,0,0.11
452,Emile Smith Rowe,eng ENG,MF,Fulham,25-240,2000,30,16,"1,466",16.3,3,0,3,3,0,0,1,0,4,9,2,10,20,15,0,0.18,0,0.18,0.18,0.18
453,Dominic Solanke,eng ENG,FW,Tottenham Hotspur,28-192,1997,12,8,782,8.7,3,0,3,3,0,0,1,0,8,6,2,2,3,13,0,0.35,0,0.35,0.35,0.35
454,Julio Soler,ar ARG,DF,Bournemouth,21-037,2005,3,0,35,0.4,0,0,0,0,0,0,0,0,2,2,0,2,0,0,0,0,0,0,0,0
455,Oliver Sonne,pe PER,DF,Burnley,25-135,2000,7,1,169,1.9,1,0,1,1,0,0,0,0,4,0,0,5,1,1,0,0.53,0,0.53,0.53,0.53
456,Borna Sosa,hr CRO,"DF,MF",Crystal Palace,28-063,1998,5,0,55,0.6,0,0,0,0,0,0,0,0,3,0,0,5,1,0,0,0,0,0,0,0
457,Tomáš Souček,cz CZE,MF,West Ham United,31-026,1995,28,17,"1,598",17.8,4,0,4,4,0,0,2,1,28,14,5,11,15,15,0,0.23,0,0.23,0.23,0.23
458,Souza,br BRA,MF,Tottenham Hotspur,19-282,2006,4,2,144,1.6,0,0,0,0,0,0,1,0,3,2,0,3,2,0,0,0,0,0,0,0
459,Djed Spence,eng ENG,"DF,MF",Tottenham Hotspur,25-228,2000,24,21,"1,808",20.1,0,0,0,0,0,0,4,0,23,18,2,44,11,21,0,0,0,0,0,0
460,Anton Stach,de GER,MF,Leeds United,27-130,1998,26,25,"2,136",23.7,4,3,7,4,0,0,3,0,32,20,0,133,18,32,0,0.17,0.13,0.29,0.17,0.29
461,John Stones,eng ENG,DF,Manchester City,31-301,1994,7,4,353,3.9,0,0,0,0,0,0,0,0,0,0,0,4,2,0,0,0,0,0,0,0
462,Jørgen Strand Larsen,no NOR,FW,Wolves,26-047,2000,22,14,"1,404",15.6,1,1,2,0,1,2,2,0,30,11,9,3,3,2,0,0.06,0.06,0.13,0,0.06
463,Jørgen Strand Larsen,no NOR,FW,Crystal Palace,26-047,2000,6,6,466,5.2,3,0,3,3,0,0,2,0,15,6,1,0,1,0,0,0.58,0,0.58,0.58,0.58
464,Pascal Struijk,nl NED,DF,Leeds United,26-226,1999,28,27,"2,431",27,0,1,1,0,0,0,4,0,21,19,5,2,28,18,0,0,0.04,0.04,0,0.04
465,Crysencio Summerville,nl NED,"MF,FW",West Ham United,24-146,2001,24,22,"1,856",20.6,5,1,6,5,0,0,4,0,37,50,5,40,12,19,0,0.24,0.05,0.29,0.24,0.29
466,Dominik Szoboszlai,hu HUN,"MF,DF",Liverpool,25-151,2000,29,29,"2,601",28.9,5,3,8,5,0,1,7,1,29,26,1,164,22,29,0,0.17,0.1,0.28,0.17,0.28
467,Jocelin Ta Bi,ci CIV,MF,Sunderland,21-044,2005,1,1,38,0.4,0,0,0,0,0,0,0,0,0,1,0,5,0,0,0,0,0,0,0,0
468,Chemsdine Talbi,ma MAR,"MF,FW",Sunderland,20-320,2005,23,14,"1,325",14.7,4,1,5,4,0,0,0,0,4,1,1,39,3,4,0,0.27,0.07,0.34,0.27,0.34
469,Ao Tanaka,jp JPN,MF,Leeds United,27-196,1998,21,7,769,8.5,2,0,2,2,0,0,1,0,8,4,0,12,12,9,0,0.23,0,0.23,0.23,0.23
470,James Tarkowski,eng ENG,DF,Everton,33-126,1992,30,30,"2,700",30,1,1,2,1,0,0,5,0,23,30,2,7,25,24,0,0.03,0.03,0.07,0.03,0.07
471,Marcus Tavernier,eng ENG,MF,Bournemouth,27-003,1999,27,24,"2,122",23.6,5,4,9,3,2,2,4,0,26,29,4,87,13,17,0,0.21,0.17,0.38,0.13,0.3
472,Loum Tchaouna,fr FRA,"MF,FW",Burnley,22-198,2003,23,9,858,9.5,1,0,1,1,0,0,1,0,4,12,1,18,2,7,0,0.1,0,0.1,0.1,0.1
473,Jackson Tchatchoua,cm CMR,"MF,DF",Wolves,24-192,2001,28,17,"1,705",18.9,0,1,1,0,0,0,3,0,8,8,2,84,13,14,0,0,0.05,0.05,0,0.05
474,Mathys Tel,fr FRA,"MF,FW",Tottenham Hotspur,20-332,2005,24,9,906,10.1,3,0,3,3,0,0,0,0,12,17,2,61,1,10,0,0.3,0,0.3,0.3,0.3
475,Kenny Tete,nl NED,DF,Fulham,30-167,1995,22,21,"1,791",19.9,1,0,1,1,0,0,2,0,27,31,1,34,26,38,0,0.05,0,0.05,0.05,0.05
476,Igor Thiago,br BRA,FW,Brentford,24-272,2001,31,30,"2,652",29.5,19,1,20,13,6,7,6,0,60,21,20,12,9,17,0,0.64,0.03,0.68,0.44,0.48
477,Malick Thiaw,de GER,DF,Newcastle United,24-229,2001,28,26,"2,335",25.9,4,0,4,4,0,0,3,0,19,9,2,8,24,24,0,0.15,0,0.15,0.15,0.15
478,Youri Tielemans,be BEL,MF,Aston Villa,28-322,1997,18,15,"1,322",14.7,0,4,4,0,0,0,0,0,22,26,1,29,9,27,0,0,0.27,0.27,0,0.27
479,Jurriën Timber,nl NED,DF,Arsenal,24-281,2001,30,28,"2,454",27.3,3,5,8,3,0,0,5,0,38,29,0,46,24,35,0,0.11,0.18,0.29,0.11,0.29
480,Jean-Clair Todibo,fr FRA,DF,West Ham United,26-085,1999,20,20,"1,698",18.9,0,1,1,0,0,0,4,1,8,3,1,1,16,24,0,0,0.05,0.05,0,0.05
481,Sandro Tonali,it ITA,MF,Newcastle United,25-321,2000,29,25,"2,038",22.6,0,2,2,0,0,0,3,0,18,35,1,79,24,19,0,0,0.09,0.09,0,0.09
482,Pau Torres,es ESP,DF,Aston Villa,29-068,1997,17,15,"1,388",15.4,0,0,0,0,0,0,0,0,4,4,0,4,11,12,1,0,0,0,0,0
483,Alex Tóth,hu HUN,MF,Bournemouth,20-153,2005,4,1,74,0.8,0,0,0,0,0,0,1,0,1,2,0,3,1,0,0,0,0,0,0,0
484,James Trafford,eng ENG,GK,Manchester City,23-166,2002,3,3,270,3,0,0,0,0,0,0,0,0,0,1,0,0,0,1,0,0,0,0,0,0
485,Adama Traoré,es ESP,MF,Fulham,30-059,1996,15,1,274,3,0,0,0,0,0,0,0,0,6,8,3,15,0,1,0,0,0,0,0,0
486,Adama Traoré,es ESP,"FW,MF",West Ham United,30-059,1996,7,0,91,1,0,0,0,0,0,0,1,0,1,0,2,6,0,0,0,0,0,0,0,0
487,Bertrand Traoré,bf BFA,"MF,FW",Sunderland,30-200,1995,12,9,632,7,1,0,1,1,0,0,1,0,11,12,1,13,2,4,0,0.14,0,0.14,0.14,0.14
488,Mike Trésor,be BEL,"FW,MF",Burnley,26-301,1999,4,0,23,0.3,0,0,0,0,0,0,0,0,0,0,0,2,0,0,0,0,0,0,0,0
489,Kieran Trippier,eng ENG,DF,Newcastle United,35-187,1990,18,17,"1,456",16.2,0,1,1,0,0,0,3,0,21,18,1,89,7,11,0,0,0.06,0.06,0,0.06
490,Leandro Trossard,be BEL,"FW,MF",Arsenal,31-111,1994,26,18,"1,677",18.6,5,5,10,5,0,0,1,0,13,31,4,53,8,14,0,0.27,0.27,0.54,0.27,0.54
491,Adrien Truffert,fr FRA,DF,Bournemouth,24-125,2001,31,31,"2,749",30.5,0,3,3,0,0,0,3,0,32,23,0,125,38,43,0,0,0.1,0.1,0,0.1
492,Axel Tuanzebe,cd COD,DF,Burnley,28-131,1997,11,11,931,10.3,1,0,1,1,0,0,1,0,10,2,1,1,9,6,1,0.1,0,0.1,0.1,0.1
493,Stefanos Tzimas,gr GRE,FW,Brighton,20-078,2006,9,1,139,1.5,1,1,2,1,0,0,0,0,4,1,1,1,0,1,0,0.65,0.65,1.29,0.65,1.29
494,Christantus Uche,ng NGA,FW,Crystal Palace,22-310,2003,14,0,173,1.9,0,0,0,0,0,0,0,0,4,7,3,6,0,1,0,0,0,0,0,0
495,Destiny Udogie,it ITA,"DF,MF",Tottenham Hotspur,23-117,2002,14,8,843,9.4,0,1,1,0,0,0,3,0,12,13,3,15,3,11,0,0,0.11,0.11,0,0.11
496,Manuel Ugarte,uy URU,MF,Manchester Utd,24-348,2001,21,7,797,8.9,0,0,0,0,0,0,1,0,22,12,0,0,18,27,0,0,0,0,0,0
497,Lesley Ugochukwu,fr FRA,MF,Burnley,21-364,2004,30,22,"1,973",21.9,3,1,4,3,0,0,3,1,25,26,1,6,14,25,0,0.14,0.05,0.18,0.14,0.18
498,Enes Ünal,tr TUR,FW,Bournemouth,28-319,1997,17,0,186,2.1,1,0,1,1,0,0,1,0,6,4,1,2,0,1,0,0.48,0,0.48,0.48,0.48
499,Hákon Valdimarsson,is ISL,GK,Brentford,24-163,2001,1,1,90,1,0,0,0,0,0,0,0,0,0,0,0,0,0,0,0,0,0,0,0,0
500,Virgil van Dijk,nl NED,DF,Liverpool,34-260,1991,31,31,"2,790",31,3,0,3,3,0,0,4,0,14,15,1,1,18,13,0,0.1,0,0.1,0.1,0.1
501,Joël Veltman,nl NED,DF,Brighton,34-069,1992,19,8,850,9.4,1,0,1,1,0,0,4,0,9,19,2,11,18,17,0,0.11,0,0.11,0.11,0.11
502,Micky van de Ven,nl NED,DF,Tottenham Hotspur,24-340,2001,28,28,"2,411",26.8,4,1,5,4,0,0,7,1,21,16,1,3,20,16,0,0.15,0.04,0.19,0.15,0.19
503,Bart Verbruggen,nl NED,GK,Brighton,23-219,2002,31,31,"2,790",31,0,0,0,0,0,0,3,0,2,2,0,0,0,1,1,0,0,0,0,0
504,Guglielmo Vicario,it ITA,GK,Tottenham Hotspur,29-169,1996,31,31,"2,790",31,0,0,0,0,0,0,1,0,0,3,0,0,0,1,0,0,0,0,0,0
505,Rayan Vitor,br BRA,MF,Bournemouth,19-234,2006,8,7,623,6.9,2,1,3,2,0,0,1,0,4,4,0,18,2,3,0,0.29,0.14,0.43,0.29,0.43
506,Kyle Walker,eng ENG,"DF,MF",Burnley,35-301,1990,29,29,"2,547",28.3,0,2,2,0,0,0,8,0,27,20,1,29,36,23,0,0,0.07,0.07,0,0.07
507,Kyle Walker-Peters,eng ENG,DF,West Ham United,28-346,1997,18,10,959,10.7,1,0,1,1,0,0,2,0,9,18,1,9,7,23,0,0.09,0,0.09,0.09,0.09
508,Aaron Wan-Bissaka,cd COD,"DF,MF",West Ham United,28-119,1997,22,21,"1,903",21.1,0,2,2,0,0,0,4,0,21,12,1,40,39,21,0,0,0.09,0.09,0,0.09
509,James Ward-Prowse,eng ENG,MF,West Ham United,31-144,1994,5,5,413,4.6,0,0,0,0,0,0,0,0,4,2,0,22,6,2,0,0,0,0,0,0
510,James Ward-Prowse,eng ENG,MF,Burnley,31-144,1994,6,3,317,3.5,0,1,1,0,0,0,1,0,3,5,0,27,5,2,0,0,0.28,0.28,0,0.28
511,Ollie Watkins,eng ENG,FW,Aston Villa,30-085,1995,30,27,"2,293",25.5,9,1,10,9,0,0,3,0,28,28,18,6,5,12,0,0.35,0.04,0.39,0.35,0.39
512,Tom Watson,eng ENG,MF,Brighton,19-351,2006,6,0,62,0.7,0,0,0,0,0,0,1,0,3,0,0,0,0,1,0,0,0,0,0,0
513,Danny Welbeck,eng ENG,FW,Brighton,35-119,1990,30,20,"1,826",20.3,12,0,12,11,1,3,5,0,23,8,4,3,7,11,0,0.59,0,0.59,0.54,0.54
514,Adam Wharton,eng ENG,MF,Crystal Palace,22-047,2004,27,26,"2,163",24,0,5,5,0,0,0,6,1,29,26,0,74,22,33,0,0,0.21,0.21,0,0.21
515,Ben White,eng ENG,DF,Arsenal,28-168,1997,7,5,411,4.6,0,1,1,0,0,0,0,0,5,4,2,13,3,7,0,0,0.22,0.22,0,0.22
516,Mats Wieffer,nl NED,DF,Brighton,26-129,1999,21,18,"1,571",17.5,0,3,3,0,0,0,7,0,26,18,2,10,23,37,0,0,0.17,0.17,0,0.17
517,Neco Williams,wls WAL,DF,Nottingham Forest,24-346,2001,30,30,"2,618",29.1,1,3,4,1,0,0,5,1,24,47,3,106,35,50,0,0.03,0.1,0.14,0.03,0.14
518,Estêvão Willian,br BRA,"MF,FW",Chelsea,18-335,2007,20,10,767,8.5,2,2,4,2,0,0,3,0,11,7,4,16,4,6,0,0.23,0.23,0.47,0.23,0.47
519,Joe Willock,eng ENG,MF,Newcastle United,26-217,1999,20,7,703,7.8,0,1,1,0,0,0,3,0,15,8,1,12,4,15,0,0,0.13,0.13,0,0.13
520,Callum Wilson,eng ENG,"FW,MF",West Ham United,34-026,1992,25,10,"1,049",11.7,5,1,6,5,0,0,0,0,10,12,8,4,3,1,0,0.43,0.09,0.51,0.43,0.51
521,Harry Wilson,wls WAL,MF,Fulham,29-003,1997,29,27,"2,259",25.1,10,6,16,10,0,0,6,0,11,31,10,96,14,16,0,0.4,0.24,0.64,0.4,0.64
522,Ben Winterburn,eng ENG,MF,Bournemouth,21-202,2004,1,0,7,0.1,0,0,0,0,0,0,0,0,0,0,0,0,0,0,0,0,0,0,0,0
523,Florian Wirtz,de GER,MF,Liverpool,22-326,2003,27,23,"2,004",22.3,4,2,6,4,0,0,1,0,19,17,2,30,10,24,0,0.18,0.09,0.27,0.18,0.27
524,Yoane Wissa,cd COD,FW,Newcastle United,29-203,1996,13,4,431,4.8,1,0,1,1,0,0,1,0,4,1,4,1,0,3,0,0.21,0,0.21,0.21,0.21
525,Nick Woltemade,de GER,"FW,MF",Newcastle United,24-039,2002,27,21,"1,664",18.5,7,3,10,6,1,1,0,0,18,18,8,3,4,12,1,0.38,0.16,0.54,0.32,0.49
526,Chris Wood,nz NZL,FW,Nottingham Forest,34-108,1991,8,7,540,6,2,0,2,2,0,0,0,0,5,4,3,1,0,1,0,0.33,0,0.33,0.33,0.33
527,Joe Worrall,eng ENG,DF,Burnley,29-074,1997,11,5,500,5.6,0,0,0,0,0,0,0,0,4,1,0,0,6,2,0,0,0,0,0,0
528,Granit Xhaka,ch SUI,MF,Sunderland,33-179,1992,27,25,"2,274",25.3,1,5,6,1,0,0,5,0,18,31,0,75,23,24,0,0.04,0.2,0.24,0.04,0.24
529,Yehor Yarmoliuk,ua UKR,MF,Brentford,22-024,2004,31,24,"2,133",23.7,1,2,3,1,0,0,7,0,35,9,1,24,25,36,0,0.04,0.08,0.13,0.04,0.13
530,Ryan Yates,eng ENG,MF,Nottingham Forest,28-124,1997,16,1,415,4.6,0,1,1,0,0,0,1,0,8,9,0,3,6,8,0,0,0.22,0.22,0,0.22
531,Leny Yoro,fr FRA,DF,Manchester Utd,20-132,2005,28,17,"1,615",17.9,0,0,0,0,0,0,1,0,16,3,2,3,25,19,0,0,0,0,0,0
532,Oleksandr Zinchenko,ua UKR,DF,Nottingham Forest,29-100,1996,5,4,353,3.9,0,0,0,0,0,0,0,0,1,2,1,18,2,6,0,0,0,0,0,0
533,Joshua Zirkzee,nl NED,"FW,MF",Manchester Utd,24-307,2001,18,4,523,5.8,2,1,3,2,0,0,1,0,7,4,1,5,1,5,0,0.34,0.17,0.52,0.34,0.52
534,Martín Zubimendi,es ESP,MF,Arsenal,27-051,1999,31,30,"2,596",28.8,5,1,6,5,0,0,4,0,27,10,0,12,35,31,0,0.17,0.03,0.21,0.17,0.21
535,Martin Ødegaard,no NOR,MF,Arsenal,27-098,1998,20,13,"1,076",12,1,5,6,1,0,0,0,0,7,7,2,20,7,7,0,0.08,0.42,0.5,0.08,0.5
